Qw,Qx,Qy,Qz,Ax,Ay,Az
1.401298464324817e-45,1.401298464324817e-45,0.0,-2.8735182454018313e-16,86,-535,861
-0.1005859375,-0.25341796875,0.81640625,0.5090605616569519,85,-530,865
-0.10052490234375,-0.25341796875,0.81640625,0.5090726017951965,88,-530,866
-0.1004638671875,-0.253662109375,0.81640625,0.5089630484580994,89,-535,861
-0.1004638671875,-0.25390625,0.81640625,0.508841335773468,86,-538,860
-0.1005859375,-0.254150390625,0.81640625,0.5086953043937683,86,-538,863
-0.1005859375,-0.25439453125,0.81640625,0.5085732340812683,91,-539,863
-0.10052490234375,-0.254638671875,0.81640625,0.5084630846977234,95,-536,866
-0.10040283203125,-0.2548828125,0.81640625,0.5083649158477783,95,-533,872
-0.10028076171875,-0.2548828125,0.81591796875,0.509172260761261,95,-531,867
-0.10009765625,-0.2548828125,0.81591796875,0.5092082619667053,97,-529,870
-0.0999755859375,-0.255126953125,0.81591796875,0.5091100335121155,97,-525,864
-0.09979248046875,-0.255126953125,0.81591796875,0.5091459155082703,98,-524,864
-0.09967041015625,-0.25537109375,0.8154296875,0.5098292231559753,98,-522,863
-0.0994873046875,-0.25537109375,0.8154296875,0.5098649859428406,102,-518,867
-0.0992431640625,-0.255615234375,0.8154296875,0.5097902417182922,101,-514,855
-0.09912109375,-0.256103515625,0.8154296875,0.5095688700675964,101,-517,842
-0.0989990234375,-0.25634765625,0.8154296875,0.5094698071479797,103,-519,840
-0.0989990234375,-0.2568359375,0.81494140625,0.5100049376487732,97,-522,835
-0.09893798828125,-0.257080078125,0.81494140625,0.5098937749862671,93,-523,841
-0.09881591796875,-0.25732421875,0.81494140625,0.509794294834137,94,-512,848
-0.09857177734375,-0.25732421875,0.81494140625,0.5098415017127991,106,-506,851
-0.09814453125,-0.257568359375,0.81494140625,0.5098006725311279,114,-505,843
-0.09796142578125,-0.257568359375,0.814453125,0.5106155276298523,107,-510,834
-0.097900390625,-0.2578125,0.814453125,0.5105040073394775,99,-509,840
-0.09796142578125,-0.258056640625,0.814453125,0.5103689432144165,96,-515,832
-0.09814453125,-0.25830078125,0.814453125,0.5102102160453796,93,-531,819
-0.09814453125,-0.258544921875,0.814453125,0.5100865364074707,96,-523,829
-0.097900390625,-0.258544921875,0.814453125,0.5101334452629089,105,-514,837
-0.09747314453125,-0.258544921875,0.81396484375,0.5109938383102417,110,-499,826
-0.0970458984375,-0.258544921875,0.81396484375,0.5110751986503601,123,-519,848
-0.09686279296875,-0.2587890625,0.81396484375,0.5109863877296448,115,-500,833
-0.09686279296875,-0.2587890625,0.81396484375,0.5109863877296448,107,-529,823
-0.09698486328125,-0.259033203125,0.81396484375,0.5108395218849182,109,-510,828
-0.09674072265625,-0.25927734375,0.8134765625,0.5115392208099365,118,-492,833
-0.0963134765625,-0.259521484375,0.8134765625,0.5114960670471191,129,-493,820
-0.09600830078125,-0.260009765625,0.81298828125,0.5120814442634583,134,-492,814
-0.09576416015625,-0.26025390625,0.81298828125,0.5120031237602234,134,-493,819
-0.0958251953125,-0.260498046875,0.81298828125,0.5118675231933594,119,-503,820
-0.09600830078125,-0.260498046875,0.81298828125,0.5118332505226135,107,-506,823
-0.09600830078125,-0.260498046875,0.81298828125,0.5118332505226135,109,-504,834
-0.095703125,-0.26025390625,0.81298828125,0.5120145082473755,121,-496,840
-0.0953369140625,-0.26025390625,0.8125,0.5128572583198547,121,-499,847
-0.09527587890625,-0.260009765625,0.81298828125,0.512218177318573,109,-507,853
-0.09552001953125,-0.260009765625,0.81298828125,0.5121726989746094,99,-519,849
-0.0958251953125,-0.260009765625,0.81298828125,0.5121157169342041,101,-531,843
-0.09613037109375,-0.260009765625,0.8134765625,0.5112824440002441,99,-540,837
-0.0963134765625,-0.260009765625,0.8134765625,0.511247992515564,90,-544,846
-0.09649658203125,-0.259765625,0.8134765625,0.5113375782966614,89,-539,852
-0.096435546875,-0.259521484375,0.81396484375,0.5106956362724304,102,-539,853
-0.09625244140625,-0.259521484375,0.81396484375,0.5107301473617554,111,-543,855
-0.09625244140625,-0.259521484375,0.81396484375,0.5107301473617554,98,-560,850
-0.09649658203125,-0.25927734375,0.81396484375,0.5108081102371216,84,-568,865
-0.09661865234375,-0.259033203125,0.814453125,0.5101301074028015,85,-561,882
-0.096435546875,-0.258544921875,0.814453125,0.5104123950004578,94,-559,882
-0.09619140625,-0.25830078125,0.814453125,0.5105820298194885,104,-555,887
-0.0958251953125,-0.258056640625,0.81396484375,0.511552095413208,109,-547,889
-0.095703125,-0.258056640625,0.81396484375,0.511574923992157,108,-552,886
-0.09588623046875,-0.25830078125,0.81396484375,0.5114174485206604,96,-563,874
-0.0963134765625,-0.258544921875,0.81396484375,0.5112137198448181,91,-571,859
-0.09674072265625,-0.259033203125,0.81396484375,0.5108857750892639,91,-568,852
-0.0968017578125,-0.25927734375,0.81396484375,0.5107503533363342,97,-555,847
-0.0965576171875,-0.259521484375,0.8134765625,0.5114499926567078,109,-546,842
-0.09625244140625,-0.260009765625,0.81298828125,0.512035608291626,120,-537,827
-0.09600830078125,-0.26025390625,0.81298828125,0.5119573473930359,118,-533,824
-0.09600830078125,-0.2607421875,0.8125,0.5124837756156921,107,-540,817
-0.09619140625,-0.260986328125,0.8125,0.5123251676559448,102,-545,810
-0.0963134765625,-0.261474609375,0.81201171875,0.5128272175788879,105,-539,816
-0.09619140625,-0.261474609375,0.8115234375,0.5136224031448364,113,-528,826
-0.095947265625,-0.26171875,0.81103515625,0.5143144726753235,115,-517,824
-0.0958251953125,-0.26171875,0.81103515625,0.5143372416496277,118,-520,817
-0.09588623046875,-0.26220703125,0.810546875,0.514846682548523,118,-526,806
-0.09613037109375,-0.2626953125,0.81005859375,0.5153204798698425,110,-534,804
-0.0965576171875,-0.262939453125,0.81005859375,0.5151160359382629,94,-546,796
-0.096923828125,-0.26318359375,0.81005859375,0.514922559261322,98,-548,805
-0.09698486328125,-0.26318359375,0.8095703125,0.5156784057617188,109,-533,815
-0.09674072265625,-0.26318359375,0.80908203125,0.5164899826049805,112,-528,825
-0.09649658203125,-0.26318359375,0.80859375,0.5172997117042542,111,-523,829
-0.0965576171875,-0.26318359375,0.80859375,0.517288327217102,111,-527,825
-0.09686279296875,-0.26318359375,0.80810546875,0.5179938077926636,106,-539,820
-0.09747314453125,-0.263427734375,0.80810546875,0.5177550911903381,88,-548,816
-0.0980224609375,-0.263427734375,0.8076171875,0.5184128880500793,83,-543,826
-0.0982666015625,-0.263427734375,0.80712890625,0.5191265940666199,98,-530,825
-0.0982666015625,-0.263427734375,0.806640625,0.5198850035667419,114,-523,818
-0.0982666015625,-0.263427734375,0.80615234375,0.5206418037414551,106,-531,811
-0.09857177734375,-0.263427734375,0.80615234375,0.5205841064453125,99,-530,818
-0.09893798828125,-0.263427734375,0.8056640625,0.5212701559066772,94,-541,809
-0.09930419921875,-0.26318359375,0.80517578125,0.5220775604248047,103,-548,825
-0.099365234375,-0.26318359375,0.8046875,0.5228183269500732,101,-531,823
-0.0992431640625,-0.2626953125,0.8046875,0.5230870246887207,111,-536,838
-0.0989990234375,-0.262451171875,0.8037109375,0.524754524230957,125,-513,851
-0.0987548828125,-0.262451171875,0.80322265625,0.5255475640296936,129,-521,843
-0.098876953125,-0.26220703125,0.80322265625,0.525646448135376,121,-533,840
-0.09930419921875,-0.26220703125,0.802734375,0.5263113379478455,107,-532,848
-0.0997314453125,-0.261962890625,0.80224609375,0.5270960927009583,101,-536,851
-0.0999755859375,-0.26171875,0.8017578125,0.5279134511947632,115,-528,864
-0.09991455078125,-0.261474609375,0.80126953125,0.5287865996360779,120,-527,862
-0.0999755859375,-0.26123046875,0.80078125,0.5296347141265869,117,-524,872
-0.10009765625,-0.260986328125,0.80029296875,0.5304693579673767,110,-520,867
-0.10028076171875,-0.260986328125,0.7998046875,0.5311707854270935,119,-522,864
-0.10040283203125,-0.260986328125,0.79931640625,0.5318821668624878,116,-527,858
-0.1007080078125,-0.260986328125,0.798828125,0.5325576663017273,109,-537,851
-0.10101318359375,-0.260986328125,0.798828125,0.5324998497962952,108,-527,855
-0.10101318359375,-0.2607421875,0.7978515625,0.534081220626831,116,-521,855
-0.10076904296875,-0.2607421875,0.79736328125,0.5348560214042664,125,-513,859
-0.10052490234375,-0.260498046875,0.796875,0.5357478260993958,129,-509,861
-0.100341796875,-0.26025390625,0.79638671875,0.5366261601448059,127,-508,869
-0.10015869140625,-0.260009765625,0.7958984375,0.5375024080276489,125,-498,870
-0.09991455078125,-0.259765625,0.79541015625,0.5383879542350769,129,-504,874
-0.09967041015625,-0.259521484375,0.794921875,0.539271354675293,132,-493,874
-0.09942626953125,-0.25927734375,0.79443359375,0.5401527285575867,128,-499,867
-0.0992431640625,-0.259033203125,0.7939453125,0.5410207509994507,125,-498,872
-0.0989990234375,-0.2587890625,0.79345703125,0.5418979525566101,125,-487,868
-0.09869384765625,-0.258544921875,0.79296875,0.5427841544151306,132,-498,864
-0.098388671875,-0.25830078125,0.79248046875,0.5436681509017944,136,-493,855
-0.09814453125,-0.25830078125,0.79248046875,0.543712317943573,132,-497,852
-0.0980224609375,-0.258056640625,0.7919921875,0.5445610880851746,129,-501,857
-0.097900390625,-0.258056640625,0.79150390625,0.5452924370765686,128,-498,854
-0.0977783203125,-0.2578125,0.791015625,0.5461377501487732,129,-503,845
-0.09759521484375,-0.2578125,0.79052734375,0.5468769669532776,137,-493,846
-0.09735107421875,-0.2578125,0.79052734375,0.5469204187393188,140,-489,840
-0.09722900390625,-0.257568359375,0.7900390625,0.5477620959281921,138,-498,834
-0.09722900390625,-0.257568359375,0.78955078125,0.5484657287597656,134,-498,829
-0.09722900390625,-0.257568359375,0.7890625,0.5491679310798645,134,-499,831
-0.09710693359375,-0.25732421875,0.78857421875,0.5500047206878662,140,-496,832
-0.096923828125,-0.257080078125,0.7880859375,0.5508503913879395,143,-492,835
-0.0968017578125,-0.2568359375,0.7880859375,0.5509857535362244,137,-499,832
-0.096923828125,-0.2568359375,0.78759765625,0.551662027835846,135,-504,834
-0.09698486328125,-0.2568359375,0.787109375,0.5523477792739868,132,-506,831
-0.09716796875,-0.256591796875,0.787109375,0.5524290800094604,132,-514,836
-0.0972900390625,-0.256591796875,0.78662109375,0.5531026721000671,131,-514,843
-0.097412109375,-0.25634765625,0.78662109375,0.5531943440437317,132,-518,842
-0.0975341796875,-0.25634765625,0.7861328125,0.5538665652275085,131,-519,848
-0.09765625,-0.256103515625,0.78564453125,0.5546502470970154,127,-514,848
-0.09783935546875,-0.256103515625,0.78515625,0.555308997631073,128,-513,840
-0.0980224609375,-0.256103515625,0.78466796875,0.5559665560722351,134,-515,830
-0.0982666015625,-0.25634765625,0.78466796875,0.5558108687400818,137,-519,821
-0.09881591796875,-0.2568359375,0.7841796875,0.5561770796775818,127,-533,808
-0.0994873046875,-0.257080078125,0.78369140625,0.5566326379776001,114,-539,802
-0.0999755859375,-0.257080078125,0.78369140625,0.5565451383590698,117,-533,813
-0.1002197265625,-0.257080078125,0.783203125,0.5571882128715515,133,-525,818
-0.1002197265625,-0.257080078125,0.7822265625,0.5585584044456482,141,-522,824
-0.10028076171875,-0.2568359375,0.78173828125,0.5593427419662476,138,-522,835
-0.10052490234375,-0.2568359375,0.78125,0.5599808096885681,136,-522,841
-0.1009521484375,-0.2568359375,0.78076171875,0.5605846047401428,135,-530,842
-0.10150146484375,-0.2568359375,0.78076171875,0.5604854226112366,129,-538,844
-0.10205078125,-0.2568359375,0.7802734375,0.5610653162002563,124,-532,847
-0.10247802734375,-0.2568359375,0.779296875,0.5623432397842407,133,-523,847
-0.1026611328125,-0.2568359375,0.77880859375,0.5629859566688538,142,-521,841
-0.1029052734375,-0.257080078125,0.7783203125,0.5635049343109131,140,-525,831
-0.10333251953125,-0.25732421875,0.77783203125,0.5639893412590027,130,-527,827
-0.1038818359375,-0.257568359375,0.77734375,0.5644500255584717,130,-527,825
-0.1041259765625,-0.2578125,0.77685546875,0.564965546131134,141,-522,825
-0.10430908203125,-0.258056640625,0.7763671875,0.565491259098053,143,-522,823
-0.10443115234375,-0.258056640625,0.77587890625,0.566138505935669,140,-519,835
-0.10455322265625,-0.2578125,0.775390625,0.5668956637382507,136,-509,843
-0.10467529296875,-0.2578125,0.77490234375,0.5675404667854309,138,-513,847
-0.10491943359375,-0.257568359375,0.7744140625,0.5682722330093384,134,-510,843
-0.10504150390625,-0.257568359375,0.77392578125,0.5689144730567932,136,-513,847
-0.1051025390625,-0.25732421875,0.7734375,0.5696772336959839,143,-506,846
-0.1051025390625,-0.25732421875,0.7724609375,0.5710006952285767,144,-511,841
-0.105224609375,-0.25732421875,0.77197265625,0.5716382265090942,141,-518,845
-0.10552978515625,-0.257080078125,0.77197265625,0.5716918110847473,133,-523,846
-0.10577392578125,-0.2568359375,0.771484375,0.5724150538444519,124,-521,850
-0.1058349609375,-0.256591796875,0.77099609375,0.5731707215309143,128,-505,863
-0.105712890625,-0.256103515625,0.7705078125,0.5740674734115601,143,-516,861
-0.105712890625,-0.255859375,0.77001953125,0.5748310089111328,135,-505,863
-0.10595703125,-0.255615234375,0.76953125,0.5755481123924255,117,-517,866
-0.10614013671875,-0.255126953125,0.76904296875,0.5763830542564392,124,-511,865
-0.106201171875,-0.255126953125,0.7685546875,0.5770227313041687,143,-503,857
-0.10626220703125,-0.2548828125,0.76806640625,0.5777691006660461,140,-515,854
-0.1065673828125,-0.2548828125,0.767578125,0.578361451625824,123,-517,853
-0.1070556640625,-0.254638671875,0.767578125,0.5783788561820984,116,-517,850
-0.107421875,-0.254638671875,0.76708984375,0.5789584517478943,119,-520,851
-0.107666015625,-0.25439453125,0.7666015625,0.5796667337417603,120,-509,854
-0.10791015625,-0.254150390625,0.76611328125,0.5803735256195068,120,-514,854
-0.108154296875,-0.25390625,0.765625,0.581078827381134,114,-515,847
-0.10845947265625,-0.253662109375,0.76513671875,0.5817713141441345,118,-512,856
-0.1085205078125,-0.253173828125,0.7646484375,0.582614004611969,124,-504,858
-0.10858154296875,-0.2529296875,0.76416015625,0.5833488702774048,126,-511,857
-0.1087646484375,-0.252685546875,0.763671875,0.5840595364570618,122,-507,862
-0.10906982421875,-0.252197265625,0.76318359375,0.5848513841629028,116,-509,865
-0.1094970703125,-0.251953125,0.7626953125,0.5855133533477783,113,-516,860
-0.10992431640625,-0.251708984375,0.76220703125,0.5861737728118896,111,-510,862
-0.110107421875,-0.251220703125,0.76171875,0.5869830250740051,117,-498,872
-0.1102294921875,-0.2509765625,0.76123046875,0.5876975655555725,122,-495,864
-0.1104736328125,-0.250732421875,0.7607421875,0.5883877873420715,125,-499,856
-0.1109619140625,-0.250732421875,0.76025390625,0.5889267325401306,121,-501,846
-0.11151123046875,-0.250732421875,0.759765625,0.589452862739563,116,-512,841
-0.11199951171875,-0.25048828125,0.75927734375,0.5900928974151611,120,-510,845
-0.11236572265625,-0.25048828125,0.7587890625,0.5906510949134827,122,-504,846
-0.1126708984375,-0.250244140625,0.75830078125,0.5913231372833252,120,-513,850
-0.113037109375,-0.2498779296875,0.7578125,0.5920336842536926,115,-507,849
-0.11322021484375,-0.24951171875,0.75732421875,0.5927774310112,124,-498,863
-0.11328125,-0.2491455078125,0.7568359375,0.5935429930686951,130,-489,856
-0.1134033203125,-0.2489013671875,0.755859375,0.5948650240898132,132,-495,852
-0.11370849609375,-0.248779296875,0.75537109375,0.5954777598381042,129,-495,847
-0.1141357421875,-0.248779296875,0.75537109375,0.5953960418701172,129,-501,839
-0.1146240234375,-0.248779296875,0.7548828125,0.5959212779998779,124,-512,829
-0.1151123046875,-0.248779296875,0.75439453125,0.5964452624320984,116,-516,831
-0.11553955078125,-0.2486572265625,0.75390625,0.5970306396484375,113,-514,836
-0.1158447265625,-0.2484130859375,0.75341796875,0.597689151763916,131,-530,853
-0.1158447265625,-0.2481689453125,0.7529296875,0.5984054803848267,110,-465,809
-0.11614990234375,-0.2479248046875,0.75244140625,0.5990613102912903,122,-534,868
-0.1165771484375,-0.247802734375,0.751953125,0.5996416211128235,118,-494,841
-0.11712646484375,-0.24755859375,0.75146484375,0.6002472043037415,100,-520,824
-0.11773681640625,-0.247314453125,0.7509765625,0.6008392572402954,105,-521,847
-0.1182861328125,-0.247314453125,0.75048828125,0.6013412475585938,113,-502,834
-0.11883544921875,-0.247314453125,0.75,0.601841926574707,114,-535,806
-0.11956787109375,-0.247314453125,0.74951171875,0.602304995059967,101,-528,819
-0.12017822265625,-0.2471923828125,0.7490234375,0.602840781211853,99,-517,839
-0.12060546875,-0.2469482421875,0.74853515625,0.6034616827964783,106,-523,826
-0.12091064453125,-0.2467041015625,0.748046875,0.6041055917739868,116,-517,837
-0.12115478515625,-0.246337890625,0.74755859375,0.6048101186752319,117,-511,848
-0.12158203125,-0.2459716796875,0.7470703125,0.605476438999176,104,-523,834
-0.1221923828125,-0.2457275390625,0.74658203125,0.6060547232627869,101,-532,845
-0.122802734375,-0.245361328125,0.74609375,0.6066806316375732,97,-517,845
-0.12335205078125,-0.2449951171875,0.7451171875,0.6079161167144775,101,-526,843
-0.123779296875,-0.244873046875,0.74462890625,0.6084765195846558,108,-513,848
-0.12420654296875,-0.24462890625,0.74365234375,0.6096807718276978,111,-516,841
-0.1246337890625,-0.2445068359375,0.7431640625,0.6102376580238342,111,-521,839
-0.1253662109375,-0.2445068359375,0.74267578125,0.61068195104599,106,-532,834
-0.126220703125,-0.2442626953125,0.74267578125,0.6106036305427551,93,-535,838
-0.126953125,-0.2440185546875,0.74169921875,0.6117353439331055,89,-527,852
-0.127197265625,-0.243408203125,0.7412109375,0.6125190854072571,111,-509,855
-0.1270751953125,-0.2431640625,0.740234375,0.6138209700584412,137,-515,855
-0.1273193359375,-0.2430419921875,0.7392578125,0.6149945259094238,124,-507,863
-0.1279296875,-0.24267578125,0.73876953125,0.6155989170074463,96,-527,865
-0.128662109375,-0.2423095703125,0.73876953125,0.6155905723571777,98,-519,874
-0.12939453125,-0.2420654296875,0.73828125,0.6161186695098877,96,-528,858
-0.1298828125,-0.2418212890625,0.7373046875,0.617280125617981,97,-529,870
-0.1302490234375,-0.2415771484375,0.73681640625,0.6178812980651855,100,-505,872
-0.1304931640625,-0.2413330078125,0.73583984375,0.6190877556800842,112,-511,863
-0.130859375,-0.2412109375,0.7353515625,0.6196379661560059,109,-518,846
-0.1314697265625,-0.2412109375,0.734375,0.6206660866737366,100,-523,846
-0.1322021484375,-0.2410888671875,0.73388671875,0.6211352944374084,91,-522,844
-0.1329345703125,-0.240966796875,0.7333984375,0.6216028928756714,90,-523,840
-0.133544921875,-0.24072265625,0.73291015625,0.6221423149108887,92,-519,833
-0.1341552734375,-0.2406005859375,0.732421875,0.6226330995559692,100,-526,835
-0.134521484375,-0.240234375,0.7314453125,0.6238422393798828,100,-516,848
-0.135009765625,-0.23974609375,0.73046875,0.6250676512718201,94,-520,853
-0.135498046875,-0.2391357421875,0.72998046875,0.625765860080719,97,-515,864
-0.1356201171875,-0.238525390625,0.72900390625,0.6271093487739563,110,-500,878
-0.1356201171875,-0.238037109375,0.72802734375,0.6284279823303223,119,-503,871
-0.135986328125,-0.2376708984375,0.7275390625,0.6290526390075684,117,-514,870
-0.1365966796875,-0.2373046875,0.72705078125,0.6296229362487793,98,-522,870
-0.1375732421875,-0.2369384765625,0.7265625,0.6301116943359375,80,-528,872
-0.1383056640625,-0.2364501953125,0.72607421875,0.6306973099708557,85,-520,876
-0.1385498046875,-0.236083984375,0.72509765625,0.6319032311439514,109,-504,875
-0.138671875,-0.23583984375,0.72412109375,0.6330863237380981,118,-506,865
-0.13916015625,-0.2357177734375,0.7236328125,0.6335827708244324,101,-515,862
-0.1397705078125,-0.2353515625,0.72314453125,0.6341418027877808,82,-516,863
-0.140625,-0.2349853515625,0.72265625,0.6346451640129089,85,-515,859
-0.1412353515625,-0.234619140625,0.72216796875,0.6352006793022156,88,-528,847
-0.1417236328125,-0.2342529296875,0.72119140625,0.636335551738739,88,-516,863
-0.1419677734375,-0.2337646484375,0.72021484375,0.637565553188324,94,-502,871
-0.1419677734375,-0.2332763671875,0.71923828125,0.6388455033302307,103,-505,866
-0.1422119140625,-0.23291015625,0.71875,0.639474093914032,103,-495,871
-0.142578125,-0.2325439453125,0.7177734375,0.6406216621398926,96,-506,864
-0.1431884765625,-0.232177734375,0.71728515625,0.641165018081665,95,-520,852
-0.143798828125,-0.2320556640625,0.716796875,0.6416184902191162,89,-510,854
-0.1444091796875,-0.2318115234375,0.71630859375,0.6421148180961609,82,-509,849
-0.1448974609375,-0.2314453125,0.71533203125,0.6432245969772339,95,-515,841
-0.145263671875,-0.2313232421875,0.71484375,0.6437285542488098,101,-504,841
-0.1456298828125,-0.2310791015625,0.71435546875,0.6442753076553345,89,-507,845
-0.146240234375,-0.2305908203125,0.7138671875,0.6448529362678528,81,-514,843
-0.146728515625,-0.230224609375,0.712890625,0.6459522843360901,86,-509,850
-0.1470947265625,-0.229736328125,0.71240234375,0.64658123254776,91,-505,853
-0.1474609375,-0.2293701171875,0.71142578125,0.6477020978927612,90,-508,852
-0.1478271484375,-0.22900390625,0.7109375,0.6482840776443481,86,-510,853
-0.1484375,-0.2286376953125,0.71044921875,0.6488089561462402,84,-513,849
-0.1490478515625,-0.228271484375,0.70947265625,0.6498656868934631,80,-514,847
-0.149658203125,-0.22802734375,0.708984375,0.6503438353538513,78,-511,844
-0.150146484375,-0.2276611328125,0.70849609375,0.6508914828300476,79,-503,847
-0.1505126953125,-0.2274169921875,0.70751953125,0.6519536375999451,98,-513,834
-0.1510009765625,-0.227294921875,0.70703125,0.6524128913879395,83,-508,834
-0.151611328125,-0.22705078125,0.70654296875,0.6528851389884949,76,-510,839
-0.1522216796875,-0.226806640625,0.70556640625,0.6538832783699036,95,-512,835
-0.152587890625,-0.2266845703125,0.705078125,0.6543667912483215,95,-506,833
-0.153076171875,-0.226318359375,0.70458984375,0.6549052000045776,78,-511,837
-0.1536865234375,-0.2259521484375,0.7041015625,0.6554136872291565,79,-510,837
-0.154296875,-0.2257080078125,0.70361328125,0.6558786034584045,85,-509,833
-0.155029296875,-0.225341796875,0.70263671875,0.6568779349327087,78,-509,831
-0.1556396484375,-0.224853515625,0.7021484375,0.6574228405952454,70,-506,833
-0.1561279296875,-0.2244873046875,0.701171875,0.6584736704826355,82,-497,833
-0.156494140625,-0.2239990234375,0.70068359375,0.6590724587440491,96,-499,827
-0.156982421875,-0.2237548828125,0.69970703125,0.6600760221481323,89,-507,825
-0.15771484375,-0.223388671875,0.69921875,0.6605427265167236,74,-511,831
-0.158447265625,-0.222900390625,0.69873046875,0.6610488891601562,71,-511,837
-0.1590576171875,-0.2222900390625,0.6982421875,0.6616235375404358,75,-505,841
-0.159423828125,-0.2218017578125,0.697265625,0.6627281904220581,79,-501,844
-0.1597900390625,-0.2213134765625,0.69677734375,0.663316547870636,79,-495,843
-0.1602783203125,-0.2208251953125,0.6962890625,0.6638739705085754,79,-502,843
-0.1610107421875,-0.220458984375,0.69580078125,0.664330244064331,70,-503,834
-0.161865234375,-0.219970703125,0.6953125,0.6647955179214478,61,-510,832
-0.16259765625,-0.219482421875,0.69482421875,0.665288507938385,62,-508,830
-0.1630859375,-0.2191162109375,0.6943359375,0.6657992601394653,71,-504,827
-0.1636962890625,-0.21875,0.69384765625,0.6662787795066833,70,-507,823
-0.164306640625,-0.21826171875,0.693359375,0.6667967438697815,58,-509,817
-0.1650390625,-0.2176513671875,0.69287109375,0.6673227548599243,55,-512,824
-0.165771484375,-0.217041015625,0.6923828125,0.6678465604782104,60,-511,825
-0.16650390625,-0.2164306640625,0.69189453125,0.6683682799339294,57,-511,827
-0.1669921875,-0.2158203125,0.69140625,0.6689488887786865,53,-504,838
-0.1676025390625,-0.215087890625,0.69091796875,0.6695363521575928,56,-495,844
-0.1680908203125,-0.2144775390625,0.68994140625,0.6706159710884094,62,-502,837
-0.168701171875,-0.2139892578125,0.689453125,0.6711206436157227,59,-508,829
-0.1695556640625,-0.2135009765625,0.689453125,0.6710608005523682,47,-513,824
-0.1705322265625,-0.212890625,0.68896484375,0.6715086102485657,40,-517,819
-0.1715087890625,-0.21240234375,0.6884765625,0.6719151735305786,43,-523,814
-0.1722412109375,-0.2117919921875,0.68798828125,0.6724204421043396,49,-517,827
-0.1728515625,-0.211181640625,0.6875,0.6729549765586853,43,-510,829
-0.17333984375,-0.2103271484375,0.68701171875,0.6735953688621521,44,-507,840
-0.173828125,-0.209716796875,0.6865234375,0.674157440662384,50,-501,841
-0.174560546875,-0.2091064453125,0.68603515625,0.6746546626091003,46,-512,831
-0.1756591796875,-0.20849609375,0.685546875,0.6750546097755432,32,-525,825
-0.1768798828125,-0.2078857421875,0.68505859375,0.6754196882247925,25,-524,825
-0.177734375,-0.2073974609375,0.6845703125,0.675840437412262,33,-520,829
-0.178466796875,-0.2069091796875,0.68408203125,0.6762913465499878,41,-520,823
-0.17919921875,-0.206298828125,0.68359375,0.6767776608467102,29,-526,821
-0.1800537109375,-0.2056884765625,0.68310546875,0.6772295236587524,29,-524,838
-0.1807861328125,-0.205078125,0.6826171875,0.6777116656303406,27,-514,830
-0.1815185546875,-0.204345703125,0.68212890625,0.6782286167144775,30,-530,832
-0.18212890625,-0.20361328125,0.681640625,0.6787759065628052,40,-522,849
-0.1827392578125,-0.2030029296875,0.68115234375,0.6792846918106079,37,-506,844
-0.183349609375,-0.2021484375,0.68017578125,0.6803527474403381,16,-522,820
-0.1844482421875,-0.201416015625,0.6796875,0.6807608604431152,24,-532,879
-0.1851806640625,-0.20068359375,0.67919921875,0.6812654733657837,16,-502,828
-0.186279296875,-0.199951171875,0.6787109375,0.6816678047180176,19,-547,833
-0.18701171875,-0.199462890625,0.67822265625,0.6820961833000183,11,-508,856
-0.1875,-0.19873046875,0.677734375,0.6826609969139099,27,-500,857
-0.1881103515625,-0.1982421875,0.67724609375,0.683119535446167,33,-530,829
-0.18896484375,-0.19775390625,0.6767578125,0.6835089921951294,10,-522,837
-0.1900634765625,-0.197021484375,0.67626953125,0.6838991045951843,-13,-531,839
-0.191162109375,-0.1961669921875,0.67626953125,0.6838384866714478,-9,-545,844
-0.1920166015625,-0.1954345703125,0.67578125,0.6842913627624512,-3,-531,841
-0.192626953125,-0.194580078125,0.6748046875,0.6853262782096863,1,-531,856
-0.1929931640625,-0.19384765625,0.673828125,0.6863908767700195,4,-516,864
-0.1934814453125,-0.1929931640625,0.67333984375,0.6869730949401855,7,-517,862
-0.1942138671875,-0.1923828125,0.6728515625,0.6874158978462219,-4,-531,855
-0.1953125,-0.1917724609375,0.67236328125,0.6877528429031372,-11,-533,862
-0.1961669921875,-0.191162109375,0.67236328125,0.6876795887947083,-8,-531,856
-0.197021484375,-0.190673828125,0.671875,0.6880479454994202,-7,-537,845
-0.19775390625,-0.190185546875,0.6708984375,0.6889253258705139,-9,-534,856
-0.198486328125,-0.1895751953125,0.67041015625,0.6893581748008728,-10,-529,853
-0.1990966796875,-0.18896484375,0.669921875,0.6898242235183716,-7,-539,847
-0.19970703125,-0.1884765625,0.66943359375,0.6902552843093872,-2,-520,852
-0.2001953125,-0.1878662109375,0.6689453125,0.6907534599304199,-1,-538,855
-0.200927734375,-0.187255859375,0.66845703125,0.6911790370941162,-12,-548,851
-0.2020263671875,-0.1865234375,0.66796875,0.6915287971496582,-40,-530,869
-0.20263671875,-0.1856689453125,0.66748046875,0.6920514702796936,-25,-541,875
-0.203125,-0.18505859375,0.6669921875,0.6925423741340637,-3,-527,869
-0.2034912109375,-0.1845703125,0.666015625,0.6935043931007385,-5,-533,879
-0.2042236328125,-0.18408203125,0.66552734375,0.6938875317573547,-28,-538,870
-0.2052001953125,-0.1834716796875,0.66552734375,0.6937610507011414,-29,-544,872
-0.2059326171875,-0.18310546875,0.66455078125,0.6945764422416687,-31,-535,868
-0.20654296875,-0.1827392578125,0.6640625,0.6949585676193237,-20,-538,867
-0.2069091796875,-0.1824951171875,0.66357421875,0.6953800320625305,-5,-516,867
-0.207275390625,-0.1822509765625,0.6630859375,0.6958006620407104,-25,-517,870
-0.2080078125,-0.1817626953125,0.66259765625,0.6961748600006104,-33,-539,855
-0.208740234375,-0.181640625,0.662109375,0.6964519619941711,-22,-529,856
-0.2093505859375,-0.1815185546875,0.66162109375,0.6967645883560181,-33,-521,852
-0.2099609375,-0.18115234375,0.6611328125,0.6971396207809448,-36,-536,848
-0.21044921875,-0.1810302734375,0.66064453125,0.6974868774414062,-23,-518,845
-0.2108154296875,-0.180908203125,0.66015625,0.6978701949119568,-13,-523,838
-0.21142578125,-0.1806640625,0.65966796875,0.6982104182243347,-28,-531,827
-0.2120361328125,-0.18017578125,0.6591796875,0.6986125707626343,-38,-523,843
-0.2122802734375,-0.1796875,0.65869140625,0.6991245746612549,-29,-516,846
-0.212646484375,-0.17919921875,0.658203125,0.6995983123779297,-21,-522,840
-0.2130126953125,-0.1788330078125,0.65771484375,0.7000396847724915,-32,-526,838
-0.2135009765625,-0.1781005859375,0.65771484375,0.7000776529312134,-39,-527,846
-0.2138671875,-0.177490234375,0.6572265625,0.7005792260169983,-35,-520,856
-0.2142333984375,-0.177001953125,0.65673828125,0.7010486721992493,-32,-522,858
-0.214599609375,-0.176513671875,0.65625,0.7015168070793152,-33,-521,859
-0.2149658203125,-0.176025390625,0.6552734375,0.7024396657943726,-31,-511,858
-0.2152099609375,-0.175537109375,0.65478515625,0.7029422521591187,-28,-516,856
-0.2158203125,-0.17529296875,0.65478515625,0.7028160095214844,-32,-522,847
-0.216552734375,-0.1749267578125,0.654296875,0.703136682510376,-48,-527,842
-0.2174072265625,-0.17431640625,0.65380859375,0.7034786343574524,-58,-528,846
-0.2177734375,-0.173828125,0.6533203125,0.70393967628479,-50,-514,844
-0.218017578125,-0.1734619140625,0.65283203125,0.7044073343276978,-30,-505,845
-0.2183837890625,-0.173095703125,0.65234375,0.7048361897468567,-30,-515,830
-0.218994140625,-0.1727294921875,0.65185546875,0.7051883339881897,-46,-525,830
-0.2197265625,-0.172119140625,0.6513671875,0.7055608034133911,-66,-524,832
-0.2203369140625,-0.1715087890625,0.65087890625,0.7059695720672607,-60,-515,844
-0.220703125,-0.1710205078125,0.650390625,0.7064235210418701,-48,-504,838
-0.220947265625,-0.170654296875,0.64990234375,0.7068849802017212,-38,-513,829
-0.2213134765625,-0.1702880859375,0.64892578125,0.7077553868293762,-38,-507,830
-0.221923828125,-0.169921875,0.64892578125,0.7076522707939148,-52,-510,828
-0.2227783203125,-0.1693115234375,0.6484375,0.7079775929450989,-61,-519,827
-0.2235107421875,-0.1688232421875,0.64794921875,0.7083103060722351,-62,-525,826
-0.22412109375,-0.1683349609375,0.6474609375,0.7086800336837769,-50,-521,828
-0.224365234375,-0.16796875,0.64697265625,0.7091354727745056,-43,-511,834
-0.2244873046875,-0.1673583984375,0.646484375,0.709686279296875,-45,-498,841
-0.2247314453125,-0.166748046875,0.64599609375,0.7101970911026001,-51,-532,841
-0.2252197265625,-0.166015625,0.6455078125,0.7106578350067139,-69,-500,838
-0.225341796875,-0.165283203125,0.64501953125,0.7112329602241516,-50,-508,842
-0.225341796875,-0.164794921875,0.64453125,0.7117887139320374,-23,-492,837
-0.2255859375,-0.1644287109375,0.64404296875,0.7122378945350647,-38,-514,827
-0.226318359375,-0.1636962890625,0.64404296875,0.7121742963790894,-73,-530,834
-0.2271728515625,-0.162841796875,0.64404296875,0.7120981216430664,-82,-519,841
-0.2276611328125,-0.162109375,0.64404296875,0.7121092677116394,-59,-511,841
-0.22802734375,-0.1617431640625,0.64306640625,0.7129574418067932,-41,-509,835
-0.2286376953125,-0.1612548828125,0.64306640625,0.7128725647926331,-52,-530,821
-0.229736328125,-0.16064453125,0.64306640625,0.71265709400177,-75,-546,818
-0.2308349609375,-0.159912109375,0.64306640625,0.712466835975647,-85,-546,828
-0.2315673828125,-0.1591796875,0.642578125,0.71283358335495,-83,-535,838
-0.23193359375,-0.1583251953125,0.64208984375,0.7133446335792542,-68,-523,852
-0.232177734375,-0.1575927734375,0.6416015625,0.7138665318489075,-60,-526,845
-0.2325439453125,-0.1568603515625,0.64111328125,0.7143471837043762,-59,-532,845
-0.233154296875,-0.1561279296875,0.640625,0.7147466540336609,-70,-521,850
-0.233642578125,-0.1552734375,0.640625,0.7147733569145203,-75,-527,848
-0.234375,-0.154541015625,0.640625,0.7146922945976257,-74,-535,837
-0.235107421875,-0.1539306640625,0.64013671875,0.7150208950042725,-70,-547,833
-0.23583984375,-0.1533203125,0.64013671875,0.7149108052253723,-71,-548,848
-0.2364501953125,-0.1524658203125,0.64013671875,0.7148919701576233,-83,-541,858
-0.2369384765625,-0.1514892578125,0.64013671875,0.7149378657341003,-86,-531,870
-0.2371826171875,-0.150634765625,0.6396484375,0.7154743075370789,-75,-528,869
-0.2376708984375,-0.14990234375,0.63916015625,0.7159023284912109,-72,-537,854
-0.23828125,-0.149169921875,0.63916015625,0.7158524394035339,-83,-549,847
-0.2392578125,-0.1484375,0.63916015625,0.7156789302825928,-106,-549,844
-0.240234375,-0.147705078125,0.63916015625,0.7155032753944397,-117,-553,842
-0.2410888671875,-0.14697265625,0.63916015625,0.7153667211532593,-109,-547,841
-0.24169921875,-0.146484375,0.638671875,0.7156968712806702,-96,-538,840
-0.2420654296875,-0.1461181640625,0.63818359375,0.7160834670066833,-94,-536,839
-0.2425537109375,-0.1455078125,0.63818359375,0.7160425186157227,-99,-529,844
-0.2432861328125,-0.1448974609375,0.63818359375,0.7159178256988525,-103,-530,836
-0.244140625,-0.144287109375,0.6376953125,0.7161852121353149,-110,-544,816
-0.2452392578125,-0.1436767578125,0.6376953125,0.7159325480461121,-117,-548,804
-0.24609375,-0.1429443359375,0.63720703125,0.7162206172943115,-114,-535,813
-0.2464599609375,-0.1422119140625,0.63671875,0.7166746258735657,-106,-526,823
-0.2469482421875,-0.141357421875,0.63671875,0.7166755795478821,-108,-530,826
-0.2474365234375,-0.1405029296875,0.63623046875,0.7171087265014648,-124,-537,828
-0.2481689453125,-0.1395263671875,0.63623046875,0.717046320438385,-136,-536,835
-0.248779296875,-0.138671875,0.63623046875,0.7170005440711975,-133,-533,835
-0.2493896484375,-0.137939453125,0.6357421875,0.7173628211021423,-123,-543,825
-0.250244140625,-0.1373291015625,0.6357421875,0.7171823382377625,-128,-545,822
-0.2509765625,-0.1365966796875,0.63525390625,0.7174988389015198,-142,-544,834
-0.251708984375,-0.1357421875,0.634765625,0.7178364992141724,-149,-537,833
-0.252197265625,-0.135009765625,0.634765625,0.7178032398223877,-134,-531,829
-0.252685546875,-0.134521484375,0.63427734375,0.7181547284126282,-125,-532,814
-0.253173828125,-0.134033203125,0.6337890625,0.7185050845146179,-137,-538,800
-0.25390625,-0.13330078125,0.6337890625,0.7183828949928284,-153,-540,802
-0.2548828125,-0.132568359375,0.63330078125,0.7186031341552734,-155,-531,803
-0.25537109375,-0.1317138671875,0.6328125,0.719016969203949,-142,-523,805
-0.255615234375,-0.131103515625,0.63232421875,0.7194712162017822,-138,-516,799
-0.255859375,-0.1302490234375,0.63134765625,0.7203966379165649,-131,-505,810
-0.256103515625,-0.1295166015625,0.630859375,0.7208695411682129,-133,-497,807
-0.256591796875,-0.1285400390625,0.630859375,0.7208707332611084,-147,-517,807
-0.25732421875,-0.1275634765625,0.63037109375,0.7212101817131042,-152,-521,815
-0.258056640625,-0.12646484375,0.63037109375,0.7211419343948364,-143,-526,825
-0.25830078125,-0.12548828125,0.6298828125,0.7216516137123108,-129,-524,838
-0.258544921875,-0.12445068359375,0.6298828125,0.7217438817024231,-160,-517,843
-0.259033203125,-0.1229248046875,0.62939453125,0.722256064414978,-159,-531,875
-0.259033203125,-0.12200927734375,0.62890625,0.7228363752365112,-134,-488,887
-0.259033203125,-0.12127685546875,0.62841796875,0.7233840823173523,-114,-511,857
-0.259521484375,-0.12066650390625,0.62841796875,0.723311185836792,-140,-531,848
-0.2607421875,-0.119873046875,0.62890625,0.7225793600082397,-178,-531,850
-0.261962890625,-0.118896484375,0.62939453125,0.7218736410140991,-193,-548,833
-0.26318359375,-0.1180419921875,0.62939453125,0.721569836139679,-185,-559,817
-0.263916015625,-0.117431640625,0.62890625,0.7218275666236877,-171,-538,829
-0.26416015625,-0.11669921875,0.6279296875,0.7227067351341248,-162,-516,842
-0.26416015625,-0.115966796875,0.626953125,0.7236717939376831,-147,-518,849
-0.264404296875,-0.1153564453125,0.62646484375,0.7241029143333435,-144,-525,850
-0.264892578125,-0.1146240234375,0.6259765625,0.7244629859924316,-162,-533,847
-0.265380859375,-0.11370849609375,0.6259765625,0.7244285345077515,-187,-517,834
-0.265869140625,-0.11279296875,0.62548828125,0.7248142957687378,-161,-535,880
-0.26611328125,-0.11212158203125,0.625,0.7252499461174011,-163,-512,835
-0.266357421875,-0.111328125,0.62451171875,0.7257030010223389,-162,-535,846
-0.2666015625,-0.110595703125,0.6240234375,0.7261452674865723,-167,-512,865
-0.266845703125,-0.10980224609375,0.6240234375,0.7261760234832764,-164,-515,856
-0.267333984375,-0.10906982421875,0.62353515625,0.726526141166687,-165,-542,843
-0.267822265625,-0.10833740234375,0.62353515625,0.7264558672904968,-171,-526,857
-0.26806640625,-0.10748291015625,0.623046875,0.7269115447998047,-180,-525,861
-0.268310546875,-0.1065673828125,0.623046875,0.726956307888031,-178,-525,864
-0.268310546875,-0.10577392578125,0.62255859375,0.7274903059005737,-169,-503,869
-0.2685546875,-0.10498046875,0.6220703125,0.7279326915740967,-173,-508,860
-0.268798828125,-0.104248046875,0.62158203125,0.7283648252487183,-179,-515,856
-0.269287109375,-0.103515625,0.62158203125,0.7282888889312744,-179,-513,853
-0.269775390625,-0.1029052734375,0.62158203125,0.7281947135925293,-186,-523,839
-0.2705078125,-0.10223388671875,0.62158203125,0.7280175089836121,-191,-530,843
-0.271240234375,-0.1015625,0.62158203125,0.7278389930725098,-205,-520,841
-0.27197265625,-0.10076904296875,0.62109375,0.7280927300453186,-203,-522,830
-0.2724609375,-0.10015869140625,0.62060546875,0.7284106612205505,-184,-517,834
-0.272705078125,-0.0997314453125,0.6201171875,0.7287936806678772,-177,-506,840
-0.273193359375,-0.09906005859375,0.6201171875,0.7287023663520813,-200,-527,828
-0.27392578125,-0.0982666015625,0.6201171875,0.7285348773002625,-215,-539,831
-0.274658203125,-0.09747314453125,0.61962890625,0.7287810444831848,-203,-530,835
-0.27490234375,-0.0968017578125,0.61962890625,0.7287785410881042,-189,-522,842
-0.275146484375,-0.0960693359375,0.619140625,0.729198157787323,-188,-532,846
-0.275390625,-0.09527587890625,0.61865234375,0.7296243906021118,-202,-512,857
-0.275634765625,-0.0943603515625,0.61865234375,0.7296512126922607,-202,-517,865
-0.276123046875,-0.09356689453125,0.61865234375,0.7295687198638916,-198,-525,851
-0.27685546875,-0.09295654296875,0.61865234375,0.7293692231178284,-206,-536,841
-0.27783203125,-0.09228515625,0.61865234375,0.7290830612182617,-227,-541,834
-0.27880859375,-0.091552734375,0.61865234375,0.7288025617599487,-235,-540,827
-0.279541015625,-0.09088134765625,0.61865234375,0.7286059856414795,-223,-541,829
-0.2802734375,-0.09039306640625,0.6181640625,0.7287997603416443,-219,-526,829
-0.28076171875,-0.08978271484375,0.6181640625,0.7286872267723083,-221,-527,831
-0.281494140625,-0.08905029296875,0.61767578125,0.7289085388183594,-226,-539,828
-0.2822265625,-0.0882568359375,0.61767578125,0.7287218570709229,-234,-531,837
-0.28271484375,-0.08740234375,0.61767578125,0.7286355495452881,-238,-536,838
-0.283203125,-0.08660888671875,0.6171875,0.7289543747901917,-234,-532,832
-0.28369140625,-0.0859375,0.6171875,0.7288439869880676,-228,-534,831
-0.283935546875,-0.08526611328125,0.6171875,0.7288277745246887,-235,-537,825
-0.28466796875,-0.08453369140625,0.6171875,0.7286273241043091,-248,-537,824
-0.28515625,-0.083740234375,0.61669921875,0.7289413809776306,-254,-534,829
-0.285400390625,-0.0830078125,0.61669921875,0.7289296388626099,-248,-525,827
-0.28564453125,-0.08233642578125,0.6162109375,0.7293229699134827,-241,-519,816
-0.285888671875,-0.08172607421875,0.61572265625,0.7297082543373108,-241,-525,802
-0.2861328125,-0.08111572265625,0.61572265625,0.7296806573867798,-240,-513,812
-0.286376953125,-0.08038330078125,0.61572265625,0.7296659350395203,-250,-510,803
-0.286865234375,-0.07952880859375,0.615234375,0.7299795746803284,-259,-513,803
-0.287109375,-0.07867431640625,0.615234375,0.7299761772155762,-264,-501,793
-0.287109375,-0.07781982421875,0.61474609375,0.7304789423942566,-248,-488,800
-0.287109375,-0.07720947265625,0.61376953125,0.731364369392395,-233,-482,785
-0.287353515625,-0.07659912109375,0.61376953125,0.7313326597213745,-237,-492,779
-0.287841796875,-0.07568359375,0.61328125,0.7316455245018005,-255,-498,780
-0.2880859375,-0.07452392578125,0.61328125,0.7316684722900391,-262,-488,794
-0.288330078125,-0.0733642578125,0.61328125,0.7316895127296448,-260,-483,796
-0.288330078125,-0.07220458984375,0.61279296875,0.7322137951850891,-244,-467,803
-0.2880859375,-0.0711669921875,0.6123046875,0.7328197360038757,-235,-466,803
-0.288330078125,-0.07012939453125,0.6123046875,0.7328237295150757,-243,-477,798
-0.288818359375,-0.0689697265625,0.6123046875,0.7327415347099304,-260,-489,797
-0.289306640625,-0.06768798828125,0.6123046875,0.732668399810791,-263,-481,809
-0.289306640625,-0.06646728515625,0.6123046875,0.7327801585197449,-260,-479,814
-0.28955078125,-0.06536865234375,0.61181640625,0.7331902980804443,-253,-473,823
-0.28955078125,-0.0643310546875,0.61181640625,0.7332820296287537,-243,-468,823
-0.28955078125,-0.06329345703125,0.611328125,0.7337794303894043,-246,-467,814
-0.289794921875,-0.062255859375,0.61181640625,0.7333647012710571,-264,-486,809
-0.29052734375,-0.061126708984375,0.61181640625,0.7331698536872864,-274,-479,812
-0.291015625,-0.06005859375,0.6123046875,0.732656717300415,-279,-483,788
-0.291748046875,-0.058990478515625,0.6123046875,0.7324521541595459,-269,-493,796
-0.2919921875,-0.05804443359375,0.61181640625,0.7328383922576904,-267,-473,798
-0.292236328125,-0.056915283203125,0.61181640625,0.7328296303749084,-266,-484,802
-0.29248046875,-0.055816650390625,0.61181640625,0.7328166961669922,-262,-481,822
-0.292724609375,-0.054656982421875,0.611328125,0.7332140207290649,-262,-464,826
-0.292724609375,-0.05340576171875,0.611328125,0.7333062887191772,-250,-480,846
-0.292724609375,-0.05224609375,0.611328125,0.7333897948265076,-256,-468,850
-0.29296875,-0.0509033203125,0.611328125,0.733386754989624,-275,-484,846
-0.293212890625,-0.049591064453125,0.611328125,0.733379065990448,-275,-481,861
-0.293212890625,-0.04852294921875,0.611328125,0.7334505319595337,-259,-468,859
-0.293212890625,-0.047698974609375,0.611328125,0.733504593372345,-245,-480,856
-0.293701171875,-0.0469970703125,0.611328125,0.7333545088768005,-260,-483,854
-0.294189453125,-0.0460205078125,0.61181640625,0.7328133583068848,-285,-500,856
-0.294677734375,-0.045074462890625,0.6123046875,0.7322679162025452,-283,-494,867
-0.294921875,-0.044403076171875,0.6123046875,0.732210636138916,-259,-472,861
-0.294921875,-0.0439453125,0.61181640625,0.7326462864875793,-254,-479,846
-0.295166015625,-0.04345703125,0.6123046875,0.7321690320968628,-273,-482,840
-0.2958984375,-0.04290771484375,0.6123046875,0.7319057583808899,-282,-488,839
-0.296875,-0.042388916015625,0.61279296875,0.7311314344406128,-288,-508,828
-0.297607421875,-0.04193115234375,0.61328125,0.7304503321647644,-299,-516,831
-0.29833984375,-0.04144287109375,0.61328125,0.7301793694496155,-310,-509,845
-0.298828125,-0.040924072265625,0.61376953125,0.7295984625816345,-314,-509,853
-0.299072265625,-0.040618896484375,0.61376953125,0.7295154929161072,-303,-502,871
-0.29931640625,-0.040435791015625,0.61328125,0.729836106300354,-301,-495,882
-0.2998046875,-0.04022216796875,0.61376953125,0.7292367815971375,-312,-495,889
-0.300537109375,-0.039947509765625,0.61376953125,0.7289503216743469,-331,-506,893
-0.30126953125,-0.0396728515625,0.61474609375,0.7278392314910889,-351,-517,886
-0.3017578125,-0.0394287109375,0.615234375,0.7272374033927917,-363,-526,889
-0.302490234375,-0.039306640625,0.61572265625,0.726526141166687,-369,-527,884
-0.302734375,-0.03924560546875,0.61572265625,0.7264277935028076,-367,-547,875
-0.30322265625,-0.0391845703125,0.61572265625,0.7262274026870728,-370,-556,872
-0.303466796875,-0.0390625,0.6162109375,0.7257176637649536,-368,-567,884
-0.3037109375,-0.038848876953125,0.6162109375,0.7256269454956055,-373,-574,885
-0.3037109375,-0.038482666015625,0.6162109375,0.7256464958190918,-388,-583,903
-0.303955078125,-0.03814697265625,0.6162109375,0.7255619764328003,-383,-576,927
-0.3037109375,-0.038055419921875,0.61572265625,0.7260833978652954,-355,-592,925
-0.3037109375,-0.038055419921875,0.61572265625,0.7260833978652954,-340,-600,927
-0.303955078125,-0.037872314453125,0.61572265625,0.7259907722473145,-351,-623,952
-0.30419921875,-0.037445068359375,0.6162109375,0.725496232509613,-368,-624,976
-0.30419921875,-0.0369873046875,0.6162109375,0.7255197167396545,-364,-625,1000
-0.303955078125,-0.03668212890625,0.61572265625,0.7260518670082092,-349,-607,1017
-0.303466796875,-0.03656005859375,0.61474609375,0.7270890474319458,-321,-606,1029
-0.302978515625,-0.03662109375,0.6142578125,0.7277020215988159,-308,-566,1022
-0.302734375,-0.03680419921875,0.61376953125,0.728206217288971,-315,-591,1019
-0.302978515625,-0.0369873046875,0.61376953125,0.7280954122543335,-320,-612,1026
-0.30322265625,-0.037200927734375,0.6142578125,0.7275709509849548,-351,-598,985
-0.30322265625,-0.037445068359375,0.6142578125,0.7275583744049072,-348,-622,997
-0.302490234375,-0.038055419921875,0.61376953125,0.728243350982666,-329,-562,994
-0.3017578125,-0.038970947265625,0.61328125,0.7289098501205444,-297,-561,978
-0.30126953125,-0.0399169921875,0.61279296875,0.7294710874557495,-299,-572,952
-0.301025390625,-0.04058837890625,0.61328125,0.7291244268417358,-331,-576,936
-0.30078125,-0.041107177734375,0.61328125,0.7291961312294006,-352,-593,926
-0.30029296875,-0.041656494140625,0.61328125,0.7293661236763,-342,-583,925
-0.29931640625,-0.042388916015625,0.61279296875,0.7301353216171265,-323,-556,928
-0.298095703125,-0.043060302734375,0.61181640625,0.7314133048057556,-319,-541,931
-0.296875,-0.043670654296875,0.61083984375,0.7326887249946594,-316,-526,935
-0.295654296875,-0.044342041015625,0.6103515625,0.7335484623908997,-304,-517,939
-0.294677734375,-0.045074462890625,0.609375,0.7347077131271362,-305,-518,923
-0.2939453125,-0.045806884765625,0.609375,0.7349557876586914,-318,-534,918
-0.292724609375,-0.04656982421875,0.6083984375,0.7362030744552612,-311,-519,925
-0.29150390625,-0.047576904296875,0.60791015625,0.7370259165763855,-285,-498,925
-0.2900390625,-0.0487060546875,0.60693359375,0.7383337020874023,-270,-492,918
-0.288818359375,-0.04986572265625,0.60595703125,0.7395359873771667,-264,-484,918
-0.287353515625,-0.051055908203125,0.60498046875,0.7408238053321838,-252,-479,918
-0.286376953125,-0.05224609375,0.6044921875,0.7415172457695007,-247,-475,908
-0.28564453125,-0.053314208984375,0.60400390625,0.7421213388442993,-269,-488,886
-0.284423828125,-0.054290771484375,0.60400390625,0.7425192594528198,-269,-486,888
-0.283203125,-0.055450439453125,0.60302734375,0.7436929941177368,-247,-463,884
-0.28173828125,-0.0567626953125,0.6025390625,0.7445456385612488,-233,-471,870
-0.28076171875,-0.058013916015625,0.6025390625,0.7448180317878723,-249,-487,856
-0.280029296875,-0.05908203125,0.6025390625,0.7450097799301147,-271,-499,858
-0.279541015625,-0.060089111328125,0.6025390625,0.7451126575469971,-269,-497,866
-0.278564453125,-0.061248779296875,0.60205078125,0.7457783222198486,-251,-486,873
-0.27734375,-0.06256103515625,0.6015625,0.7465180158615112,-234,-473,885
-0.27587890625,-0.0638427734375,0.6005859375,0.7477375864982605,-221,-458,896
-0.2744140625,-0.065185546875,0.60009765625,0.7485523223876953,-209,-445,906
-0.273193359375,-0.0665283203125,0.60009765625,0.7488806247711182,-211,-462,888
-0.2724609375,-0.06781005859375,0.60009765625,0.7490324974060059,-227,-478,874
-0.27197265625,-0.069091796875,0.6005859375,0.7487013339996338,-245,-483,870
-0.271484375,-0.07025146484375,0.6005859375,0.7487706542015076,-244,-488,858
-0.270751953125,-0.0716552734375,0.6005859375,0.7489028573036194,-228,-479,850
-0.269775390625,-0.0731201171875,0.6005859375,0.7491136193275452,-212,-485,848
-0.268798828125,-0.07464599609375,0.6005859375,0.7493141293525696,-214,-474,855
-0.267822265625,-0.075927734375,0.6005859375,0.7495350241661072,-204,-479,858
-0.2666015625,-0.0771484375,0.60107421875,0.749454140663147,-221,-470,874
-0.265869140625,-0.078125,0.60107421875,0.7496131658554077,-225,-479,873
-0.264892578125,-0.07928466796875,0.6015625,0.749445378780365,-209,-493,862
-0.26416015625,-0.08062744140625,0.6015625,0.7495606541633606,-215,-483,868
-0.263427734375,-0.0816650390625,0.60205078125,0.74931401014328,-232,-502,875
-0.2626953125,-0.082763671875,0.60205078125,0.7494506239891052,-203,-490,889
-0.261474609375,-0.08428955078125,0.6025390625,0.7493150234222412,-188,-478,882
-0.260498046875,-0.08538818359375,0.6025390625,0.7495307326316833,-207,-527,871
-0.259765625,-0.08648681640625,0.60302734375,0.7492662072181702,-232,-513,893
-0.2587890625,-0.08770751953125,0.60302734375,0.7494622468948364,-208,-492,907
-0.25732421875,-0.0892333984375,0.60302734375,0.7497864365577698,-173,-499,892
-0.255859375,-0.0908203125,0.6025390625,0.7504894137382507,-161,-501,891
-0.254638671875,-0.09234619140625,0.6025390625,0.750718355178833,-171,-500,898
-0.253662109375,-0.09356689453125,0.60302734375,0.7505056858062744,-188,-514,890
-0.252685546875,-0.0948486328125,0.60302734375,0.7506742477416992,-188,-512,889
-0.251708984375,-0.09619140625,0.60302734375,0.7508314251899719,-168,-496,886
-0.250244140625,-0.0977783203125,0.60302734375,0.7511160373687744,-146,-497,884
-0.2489013671875,-0.09930419921875,0.60302734375,0.7513619661331177,-153,-499,871
-0.2479248046875,-0.1005859375,0.60302734375,0.7515143156051636,-173,-509,872
-0.2469482421875,-0.101806640625,0.603515625,0.7512794733047485,-176,-506,878
-0.2459716796875,-0.10308837890625,0.603515625,0.7514250874519348,-164,-497,866
-0.244873046875,-0.10455322265625,0.603515625,0.7515814900398254,-144,-498,862
-0.2437744140625,-0.10614013671875,0.603515625,0.751716136932373,-141,-497,854
-0.242919921875,-0.10760498046875,0.60400390625,0.7513922452926636,-141,-492,861
-0.2420654296875,-0.10894775390625,0.60400390625,0.7514745593070984,-142,-493,864
-0.2412109375,-0.11029052734375,0.60400390625,0.7515534162521362,-142,-497,838
-0.2403564453125,-0.11175537109375,0.6044921875,0.7512181401252747,-127,-500,849
-0.2393798828125,-0.11328125,0.6044921875,0.7513014078140259,-123,-486,838
-0.238525390625,-0.11468505859375,0.6044921875,0.7513602375984192,-119,-482,842
-0.2376708984375,-0.11602783203125,0.60498046875,0.751031756401062,-129,-504,818
-0.237060546875,-0.1173095703125,0.60498046875,0.7510255575180054,-126,-490,829
-0.236083984375,-0.11859130859375,0.60546875,0.7507383227348328,-111,-488,838
-0.235107421875,-0.11981201171875,0.60595703125,0.7504569888114929,-119,-499,833
-0.2342529296875,-0.120849609375,0.60595703125,0.7505578398704529,-130,-500,854
-0.233154296875,-0.121826171875,0.6064453125,0.7503476142883301,-121,-471,865
-0.2318115234375,-0.1229248046875,0.6064453125,0.7505844831466675,-89,-478,868
-0.2305908203125,-0.1243896484375,0.60693359375,0.7503244280815125,-85,-489,854
-0.2301025390625,-0.1256103515625,0.607421875,0.7498756647109985,-120,-518,842
-0.2298583984375,-0.1265869140625,0.6083984375,0.7489941716194153,-134,-515,849
-0.229248046875,-0.127685546875,0.60888671875,0.7485978007316589,-116,-493,859
-0.2281494140625,-0.1290283203125,0.60888671875,0.7487032413482666,-90,-490,847
-0.22705078125,-0.1304931640625,0.60888671875,0.7487832903862,-80,-492,849
-0.226318359375,-0.1319580078125,0.60888671875,0.7487483024597168,-86,-488,852
-0.2257080078125,-0.1331787109375,0.60986328125,0.7479212284088135,-98,-503,847
-0.2254638671875,-0.1343994140625,0.6103515625,0.7473779916763306,-105,-515,848
-0.22509765625,-0.135498046875,0.61083984375,0.7468909025192261,-100,-511,857
-0.2242431640625,-0.13671875,0.61083984375,0.7469254732131958,-60,-487,840
-0.22314453125,-0.13818359375,0.61083984375,0.7469849586486816,-60,-472,882
-0.2222900390625,-0.1392822265625,0.611328125,0.746636152267456,-82,-485,876
-0.2216796875,-0.1405029296875,0.61181640625,0.7461888194084167,-67,-513,859
-0.22119140625,-0.14208984375,0.6123046875,0.7456324696540833,-48,-478,856
-0.2205810546875,-0.1435546875,0.61279296875,0.7451314330101013,-43,-509,863
-0.2203369140625,-0.14501953125,0.61376953125,0.7441155314445496,-68,-508,846
-0.2200927734375,-0.1461181640625,0.6142578125,0.7435697913169861,-85,-517,846
-0.219482421875,-0.147216796875,0.6142578125,0.7435334920883179,-61,-487,880
-0.21826171875,-0.1485595703125,0.6142578125,0.7436257600784302,-32,-462,858
-0.217041015625,-0.1502685546875,0.61474609375,0.7432360649108887,2,-480,856
-0.2164306640625,-0.152099609375,0.615234375,0.7426372766494751,-28,-480,844
-0.2166748046875,-0.153564453125,0.6162109375,0.741454005241394,-62,-528,804
-0.2169189453125,-0.155029296875,0.6171875,0.7402645945549011,-74,-524,831
-0.216552734375,-0.1563720703125,0.61767578125,0.7396818995475769,-64,-501,829
-0.215576171875,-0.157958984375,0.61767578125,0.7396299839019775,-38,-509,819
-0.2144775390625,-0.1597900390625,0.61767578125,0.739556074142456,-11,-514,841
-0.21337890625,-0.1617431640625,0.61767578125,0.7394492626190186,-13,-460,831
-0.2122802734375,-0.163330078125,0.61865234375,0.7385997772216797,1,-508,835
-0.212158203125,-0.1651611328125,0.61962890625,0.7374081015586853,-33,-527,818
-0.212158203125,-0.16650390625,0.62060546875,0.7362840175628662,-62,-530,804
-0.211669921875,-0.167724609375,0.62158203125,0.7353231310844421,-23,-528,840
-0.210693359375,-0.1693115234375,0.62158203125,0.7352399230003357,-2,-513,807
-0.20947265625,-0.170654296875,0.62158203125,0.7352782487869263,-13,-525,826
-0.2083740234375,-0.1717529296875,0.6220703125,0.7349215745925903,-12,-496,850
-0.20703125,-0.1729736328125,0.62255859375,0.7346012592315674,7,-499,843
-0.2060546875,-0.1744384765625,0.623046875,0.7341153025627136,4,-513,819
-0.2054443359375,-0.1759033203125,0.62353515625,0.7335220575332642,-9,-521,830
-0.2047119140625,-0.17724609375,0.6240234375,0.7329881191253662,-6,-508,830
-0.2039794921875,-0.1787109375,0.625,0.732003927230835,3,-522,824
-0.203125,-0.1802978515625,0.62548828125,0.7314351201057434,3,-515,822
-0.2022705078125,-0.181884765625,0.62646484375,0.7304425835609436,0,-511,826
-0.2015380859375,-0.1834716796875,0.626953125,0.7298290133476257,7,-519,809
-0.200927734375,-0.18505859375,0.6279296875,0.7287562489509583,10,-520,799
-0.2001953125,-0.186767578125,0.62890625,0.7276789546012878,2,-517,805
-0.199462890625,-0.1881103515625,0.62939453125,0.72711181640625,0,-529,812
-0.19873046875,-0.1895751953125,0.63037109375,0.7260852456092834,-2,-516,805
-0.1976318359375,-0.19091796875,0.630859375,0.7256090044975281,24,-522,806
-0.1966552734375,-0.192626953125,0.63134765625,0.7249977588653564,45,-531,814
-0.195556640625,-0.194091796875,0.63232421875,0.7240525484085083,21,-514,810
-0.1947021484375,-0.1951904296875,0.6328125,0.7235607504844666,23,-539,833
-0.193603515625,-0.1962890625,0.6337890625,0.7227030396461487,44,-526,823
-0.192138671875,-0.1976318359375,0.63427734375,0.7222995758056641,65,-520,846
-0.190673828125,-0.19873046875,0.634765625,0.721957266330719,61,-522,854
-0.189453125,-0.1998291015625,0.63525390625,0.7215458154678345,63,-514,863
-0.1884765625,-0.2010498046875,0.63623046875,0.7206013798713684,80,-515,862
-0.187744140625,-0.202392578125,0.63671875,0.7199851274490356,76,-524,858
-0.1873779296875,-0.2037353515625,0.63818359375,0.7184032201766968,60,-540,851
-0.1875,-0.2052001953125,0.63916015625,0.7170850038528442,57,-572,835
-0.1873779296875,-0.2066650390625,0.64013671875,0.7158240675926208,57,-577,823
-0.1871337890625,-0.2080078125,0.6416015625,0.7141856551170349,58,-580,841
-0.1865234375,-0.209228515625,0.642578125,0.7131099700927734,53,-575,841
-0.185546875,-0.21044921875,0.6435546875,0.7121241688728333,68,-568,856
-0.1842041015625,-0.211669921875,0.64404296875,0.7116694450378418,74,-557,852
-0.182861328125,-0.212890625,0.64501953125,0.7107665538787842,80,-563,842
-0.181396484375,-0.2142333984375,0.64599609375,0.7098509669303894,81,-550,847
-0.1800537109375,-0.2154541015625,0.646484375,0.709378719329834,74,-554,834
-0.1785888671875,-0.216796875,0.6474609375,0.7084486484527588,75,-565,833
-0.1771240234375,-0.2181396484375,0.6484375,0.7075104117393494,85,-542,828
-0.17529296875,-0.2196044921875,0.64892578125,0.7070654630661011,102,-530,838
-0.1734619140625,-0.2210693359375,0.6494140625,0.7066121697425842,119,-518,833
-0.171875,-0.22265625,0.650390625,0.7056027054786682,119,-521,827
-0.170654296875,-0.2239990234375,0.6513671875,0.7045724391937256,100,-528,823
-0.1697998046875,-0.2252197265625,0.65185546875,0.7039378881454468,95,-532,818
-0.168701171875,-0.2264404296875,0.65283203125,0.7029047012329102,122,-506,827
-0.167236328125,-0.227783203125,0.6533203125,0.7023670077323914,131,-490,828
-0.1661376953125,-0.22900390625,0.65380859375,0.7017762064933777,121,-502,827
-0.165283203125,-0.2303466796875,0.65478515625,0.7006270885467529,112,-498,818
-0.1646728515625,-0.2318115234375,0.65576171875,0.699373185634613,119,-492,822
-0.1641845703125,-0.2332763671875,0.65673828125,0.6980834007263184,116,-512,786
-0.1641845703125,-0.2349853515625,0.65771484375,0.6965892314910889,112,-540,778
-0.164306640625,-0.23681640625,0.6591796875,0.6945527195930481,98,-521,782
-0.1641845703125,-0.23828125,0.66064453125,0.6926862597465515,94,-538,788
-0.1639404296875,-0.23974609375,0.66162109375,0.6913052201271057,97,-520,782
-0.1632080078125,-0.2410888671875,0.66259765625,0.6900750994682312,105,-508,782
-0.16259765625,-0.2425537109375,0.66357421875,0.6887662410736084,118,-520,772
-0.162109375,-0.243896484375,0.66455078125,0.6874644160270691,113,-528,754
-0.1619873046875,-0.2451171875,0.66552734375,0.6861129999160767,101,-539,771
-0.16162109375,-0.2459716796875,0.66650390625,0.6849446296691895,82,-528,763
-0.160888671875,-0.2467041015625,0.66748046875,0.683901846408844,103,-518,777
-0.1597900390625,-0.24755859375,0.66748046875,0.6838506460189819,140,-493,790
-0.158935546875,-0.24853515625,0.66748046875,0.6836955547332764,161,-484,794
-0.1588134765625,-0.24951171875,0.66796875,0.6828908920288086,156,-499,799
-0.159423828125,-0.25048828125,0.6689453125,0.6814336776733398,119,-540,782
-0.1607666015625,-0.251220703125,0.67041015625,0.6794059872627258,85,-565,782
-0.16162109375,-0.251708984375,0.67138671875,0.6780568361282349,96,-545,820
-0.16162109375,-0.252197265625,0.67236328125,0.6769067645072937,127,-531,818
-0.1614990234375,-0.2529296875,0.67333984375,0.6756908297538757,131,-548,806
-0.16162109375,-0.25390625,0.67431640625,0.6743201017379761,115,-552,814
-0.161865234375,-0.25439453125,0.67578125,0.6726089119911194,107,-570,813
-0.1622314453125,-0.25537109375,0.6767578125,0.6711671948432922,105,-577,801
-0.1624755859375,-0.256103515625,0.67822265625,0.6693480014801025,101,-588,806
-0.162353515625,-0.256591796875,0.67919921875,0.668199360370636,91,-577,792
-0.1617431640625,-0.25732421875,0.68017578125,0.6670714616775513,117,-562,802
-0.1607666015625,-0.258056640625,0.68017578125,0.667024552822113,152,-543,803
-0.15966796875,-0.2587890625,0.68115234375,0.666007399559021,148,-554,794
-0.1593017578125,-0.259521484375,0.68212890625,0.66480952501297,121,-572,801
-0.1593017578125,-0.26025390625,0.68359375,0.6630162000656128,111,-575,807
-0.1591796875,-0.260986328125,0.6845703125,0.6617487668991089,133,-577,801
-0.1588134765625,-0.26171875,0.68603515625,0.6600282788276672,128,-583,800
-0.1588134765625,-0.262451171875,0.6875,0.6582107543945312,110,-589,799
-0.15869140625,-0.26318359375,0.6884765625,0.6569257378578186,111,-589,802
-0.1583251953125,-0.263671875,0.689453125,0.6557931900024414,118,-590,789
-0.1578369140625,-0.264404296875,0.69091796875,0.6540720462799072,122,-587,796
-0.1573486328125,-0.264892578125,0.69189453125,0.652958869934082,120,-579,797
-0.1568603515625,-0.26513671875,0.69287109375,0.6519409418106079,111,-575,797
-0.1563720703125,-0.265380859375,0.69384765625,0.650919497013092,113,-576,802
-0.1556396484375,-0.265625,0.69482421875,0.6499530673027039,127,-566,799
-0.155029296875,-0.26611328125,0.69580078125,0.6488535404205322,132,-569,809
-0.15478515625,-0.266845703125,0.69677734375,0.64756178855896,119,-571,795
-0.155029296875,-0.267333984375,0.69775390625,0.6462491154670715,116,-611,801
-0.155517578125,-0.267822265625,0.69921875,0.6443436145782471,94,-562,778
-0.1556396484375,-0.268310546875,0.70068359375,0.6425171494483948,90,-585,793
-0.15576171875,-0.268798828125,0.70166015625,0.6412163972854614,108,-581,802
-0.155517578125,-0.26953125,0.70263671875,0.6398975253105164,113,-574,772
-0.1553955078125,-0.270263671875,0.7041015625,0.6380053162574768,113,-587,787
-0.155517578125,-0.271240234375,0.705078125,0.6364808082580566,89,-590,791
-0.15576171875,-0.271728515625,0.70654296875,0.6345856189727783,85,-584,766
-0.1558837890625,-0.272705078125,0.70751953125,0.6330468654632568,97,-593,747
-0.1556396484375,-0.273681640625,0.70849609375,0.6315916180610657,114,-592,746
-0.1553955078125,-0.2744140625,0.70947265625,0.6302362680435181,110,-594,746
-0.155029296875,-0.27490234375,0.71044921875,0.6290123462677002,101,-582,755
-0.154296875,-0.27490234375,0.71142578125,0.6280879974365234,106,-571,785
-0.153564453125,-0.275146484375,0.71240234375,0.6270528435707092,124,-567,785
-0.15283203125,-0.275390625,0.71337890625,0.6260135173797607,131,-575,781
-0.1524658203125,-0.27587890625,0.71435546875,0.6247729659080505,119,-578,798
-0.152587890625,-0.276123046875,0.7158203125,0.6229560971260071,105,-581,805
-0.15283203125,-0.2763671875,0.716796875,0.6216637492179871,97,-595,786
-0.153076171875,-0.27685546875,0.71826171875,0.6196925640106201,97,-602,786
-0.1529541015625,-0.27734375,0.71923828125,0.6183702945709229,106,-596,790
-0.1524658203125,-0.277587890625,0.72021484375,0.6172436475753784,116,-589,799
-0.15185546875,-0.278076171875,0.72119140625,0.6160328984260559,109,-585,801
-0.1512451171875,-0.2783203125,0.72216796875,0.6149277687072754,104,-589,797
-0.1505126953125,-0.279052734375,0.72314453125,0.6136265397071838,118,-584,788
-0.1495361328125,-0.27978515625,0.72412109375,0.6123788356781006,132,-570,784
-0.1484375,-0.280517578125,0.72509765625,0.611154317855835,133,-579,774
-0.1474609375,-0.28125,0.7265625,0.6093116402626038,127,-580,771
-0.146728515625,-0.28173828125,0.7275390625,0.6080963611602783,129,-584,771
-0.145751953125,-0.282470703125,0.728515625,0.6068209409713745,128,-579,770
-0.144775390625,-0.28271484375,0.7294921875,0.6057668924331665,124,-575,785
-0.1435546875,-0.283203125,0.73046875,0.6046515107154846,140,-563,798
-0.142333984375,-0.28369140625,0.73095703125,0.6041209101676941,147,-561,794
-0.1414794921875,-0.2841796875,0.73193359375,0.6029085516929626,141,-574,793
-0.1412353515625,-0.284912109375,0.7333984375,0.600836455821991,125,-584,781
-0.1409912109375,-0.28564453125,0.734375,0.5993513464927673,119,-588,774
-0.1407470703125,-0.286376953125,0.73583984375,0.5972589254379272,126,-582,774
-0.14013671875,-0.287109375,0.73681640625,0.5958451628684998,136,-577,764
-0.1396484375,-0.287841796875,0.73779296875,0.5943962931632996,138,-591,755
-0.13916015625,-0.28857421875,0.73876953125,0.5929409265518188,121,-592,752
-0.1385498046875,-0.2890625,0.73974609375,0.5916270613670349,128,-588,778
-0.1375732421875,-0.28955078125,0.74072265625,0.5903930068016052,142,-569,777
-0.1365966796875,-0.290283203125,0.74169921875,0.5890325307846069,149,-581,772
-0.135986328125,-0.290771484375,0.74267578125,0.5877009034156799,136,-603,753
-0.135498046875,-0.29150390625,0.74365234375,0.5862140655517578,128,-594,761
-0.1348876953125,-0.2919921875,0.74462890625,0.5848706364631653,142,-597,770
-0.1339111328125,-0.292724609375,0.74560546875,0.5834831595420837,137,-590,770
-0.1331787109375,-0.293212890625,0.74658203125,0.5821554064750671,130,-592,778
-0.132568359375,-0.293701171875,0.748046875,0.5801647305488586,135,-591,777
-0.1322021484375,-0.29443359375,0.7490234375,0.5786150097846985,131,-607,771
-0.1318359375,-0.294921875,0.75,0.5771831274032593,118,-607,772
-0.1314697265625,-0.29541015625,0.7509765625,0.5757454037666321,127,-595,784
-0.1309814453125,-0.296142578125,0.751953125,0.5742037296295166,141,-599,781
-0.130859375,-0.296630859375,0.7529296875,0.5726978778839111,130,-620,759
-0.1309814453125,-0.29736328125,0.75390625,0.5710029006004333,113,-626,760
-0.1309814453125,-0.297607421875,0.7548828125,0.5695837140083313,117,-618,778
-0.1304931640625,-0.298095703125,0.755859375,0.5681435465812683,127,-608,779
-0.1298828125,-0.29833984375,0.7568359375,0.5668537616729736,133,-606,786
-0.1292724609375,-0.298828125,0.75732421875,0.5660834312438965,132,-604,784
-0.1287841796875,-0.29931640625,0.75830078125,0.5646275281906128,139,-610,778
-0.128173828125,-0.2998046875,0.75927734375,0.563193142414093,144,-616,773
-0.12744140625,-0.300537109375,0.76025390625,0.5616495013237,148,-614,786
-0.126708984375,-0.301025390625,0.76123046875,0.5602291822433472,141,-612,777
-0.1260986328125,-0.301513671875,0.76220703125,0.5587746500968933,143,-615,773
-0.1251220703125,-0.30224609375,0.7626953125,0.5579316020011902,154,-600,786
-0.1240234375,-0.302490234375,0.763671875,0.5567073822021484,158,-593,785
-0.12286376953125,-0.302978515625,0.76416015625,0.5560285449028015,165,-592,790
-0.12200927734375,-0.303466796875,0.76513671875,0.5546056628227234,160,-590,779
-0.1214599609375,-0.30419921875,0.76611328125,0.5529744625091553,144,-613,767
-0.1212158203125,-0.3046875,0.76708984375,0.5514031648635864,138,-618,755
-0.1207275390625,-0.30517578125,0.76806640625,0.549878716468811,148,-609,754
-0.11993408203125,-0.305908203125,0.76904296875,0.5482780933380127,154,-604,758
-0.118896484375,-0.30615234375,0.76953125,0.5476824045181274,147,-596,763
-0.11798095703125,-0.306396484375,0.7705078125,0.5463692545890808,155,-594,759
-0.11700439453125,-0.306884765625,0.77099609375,0.5456159114837646,167,-601,766
-0.1163330078125,-0.3076171875,0.77197265625,0.5439637303352356,152,-615,752
-0.115966796875,-0.30810546875,0.77294921875,0.5423764586448669,138,-623,754
-0.1153564453125,-0.308349609375,0.77392578125,0.5409734845161438,146,-613,769
-0.1143798828125,-0.308837890625,0.77490234375,0.5395023226737976,157,-605,761
-0.11334228515625,-0.309326171875,0.775390625,0.5387395024299622,159,-612,747
-0.11260986328125,-0.309814453125,0.7763671875,0.5372039079666138,155,-615,753
-0.112060546875,-0.31005859375,0.77734375,0.5357637405395508,151,-630,762
-0.111572265625,-0.310302734375,0.77783203125,0.5350151062011719,138,-633,753
-0.1107177734375,-0.310546875,0.77880859375,0.533628523349762,151,-615,780
-0.10931396484375,-0.310546875,0.779296875,0.5332049131393433,170,-582,786
-0.10791015625,-0.310546875,0.77978515625,0.5327768325805664,189,-594,778
-0.10699462890625,-0.31103515625,0.7802734375,0.5319611430168152,181,-619,768
-0.10675048828125,-0.3115234375,0.78125,0.5302885174751282,152,-630,768
-0.106689453125,-0.311767578125,0.7822265625,0.5287153720855713,127,-626,777
-0.10626220703125,-0.31201171875,0.783203125,0.5272095799446106,138,-622,780
-0.105224609375,-0.312255859375,0.78369140625,0.5265470743179321,170,-600,770
-0.10394287109375,-0.31298828125,0.78369140625,0.5263667702674866,189,-596,753
-0.10302734375,-0.3134765625,0.7841796875,0.5255283117294312,176,-601,744
-0.10247802734375,-0.31396484375,0.78515625,0.523883581161499,163,-606,741
-0.10211181640625,-0.314697265625,0.7861328125,0.5220478773117065,162,-611,732
-0.1016845703125,-0.315185546875,0.78662109375,0.5211003422737122,157,-622,716
-0.1011962890625,-0.315673828125,0.787109375,0.5201616883277893,163,-616,741
-0.1002197265625,-0.31591796875,0.7880859375,0.518721878528595,170,-590,760
-0.09912109375,-0.316162109375,0.78857421875,0.518041729927063,181,-590,762
-0.09808349609375,-0.31640625,0.7890625,0.517346203327179,189,-588,767
-0.09765625,-0.31689453125,0.78955078125,0.5163822770118713,173,-604,749
-0.09765625,-0.3173828125,0.79052734375,0.5145851969718933,156,-629,748
-0.0977783203125,-0.317626953125,0.79150390625,0.5129075050354004,143,-624,747
-0.09747314453125,-0.31787109375,0.7919921875,0.5120599269866943,160,-612,769
-0.0966796875,-0.318115234375,0.79248046875,0.5113027095794678,179,-602,768
-0.09588623046875,-0.318359375,0.79296875,0.5105425715446472,183,-602,769
-0.09539794921875,-0.318359375,0.7939453125,0.5091142654418945,165,-611,767
-0.0950927734375,-0.318603515625,0.79443359375,0.5082562565803528,160,-606,776
-0.09478759765625,-0.31884765625,0.794921875,0.5073959827423096,164,-605,766
-0.094482421875,-0.3193359375,0.79541015625,0.5063796043395996,172,-615,760
-0.0941162109375,-0.31982421875,0.79638671875,0.5046016573905945,162,-609,741
-0.09375,-0.3203125,0.796875,0.5035881996154785,172,-615,753
-0.0931396484375,-0.320556640625,0.79736328125,0.5027725696563721,179,-599,749
-0.09246826171875,-0.32080078125,0.7978515625,0.5019654631614685,181,-605,745
-0.09185791015625,-0.321044921875,0.79833984375,0.5011444687843323,182,-608,753
-0.09124755859375,-0.321044921875,0.798828125,0.5004774332046509,180,-605,764
-0.09063720703125,-0.321044921875,0.79931640625,0.49980828166007996,184,-608,774
-0.090087890625,-0.321044921875,0.80029296875,0.49834275245666504,174,-606,776
-0.08966064453125,-0.3212890625,0.80078125,0.49747735261917114,176,-602,787
-0.08917236328125,-0.3212890625,0.80126953125,0.49677836894989014,188,-604,783
-0.0888671875,-0.32177734375,0.8017578125,0.49572813510894775,186,-620,759
-0.0888671875,-0.322265625,0.80224609375,0.494619756937027,173,-636,762
-0.0888671875,-0.322265625,0.80322265625,0.493032306432724,161,-627,778
-0.0885009765625,-0.322265625,0.8037109375,0.49230194091796875,159,-614,779
-0.08782958984375,-0.322021484375,0.80419921875,0.4917842447757721,175,-602,794
-0.08685302734375,-0.32177734375,0.8046875,0.49131855368614197,192,-584,800
-0.0859375,-0.32177734375,0.8046875,0.4914795160293579,200,-593,785
-0.08526611328125,-0.322265625,0.80517578125,0.49047577381134033,198,-597,782
-0.0849609375,-0.32275390625,0.8056640625,0.48940470814704895,182,-604,782
-0.08489990234375,-0.322998046875,0.806640625,0.48764246702194214,165,-614,774
-0.0848388671875,-0.323486328125,0.80712890625,0.4865202009677887,172,-614,782
-0.08453369140625,-0.323974609375,0.80810546875,0.48462364077568054,172,-610,762
-0.08428955078125,-0.324462890625,0.80859375,0.48352381587028503,169,-612,764
-0.08367919921875,-0.32470703125,0.80859375,0.48346588015556335,175,-589,780
-0.08306884765625,-0.324951171875,0.80908203125,0.482589453458786,194,-580,771
-0.08251953125,-0.325439453125,0.8095703125,0.4815346300601959,196,-602,749
-0.0823974609375,-0.325927734375,0.81005859375,0.48040279746055603,182,-604,752
-0.08233642578125,-0.326171875,0.810546875,0.4794229567050934,170,-607,759
-0.08221435546875,-0.326416015625,0.8115234375,0.47762230038642883,173,-608,762
-0.0819091796875,-0.32666015625,0.81201171875,0.4766770601272583,167,-614,755
-0.08154296875,-0.326904296875,0.8125,0.4757395088672638,177,-607,780
-0.0809326171875,-0.326904296875,0.81298828125,0.475009024143219,178,-590,777
-0.08038330078125,-0.326904296875,0.8134765625,0.47426578402519226,184,-597,777
-0.0799560546875,-0.326904296875,0.81396484375,0.473499596118927,182,-591,784
-0.07965087890625,-0.326904296875,0.814453125,0.4727107286453247,175,-589,768
-0.07952880859375,-0.3271484375,0.814453125,0.47256234288215637,183,-613,762
-0.07940673828125,-0.32763671875,0.81494140625,0.4714013338088989,172,-606,748
-0.07928466796875,-0.32763671875,0.81591796875,0.4697297215461731,171,-609,771
-0.07891845703125,-0.32763671875,0.81640625,0.4689423441886902,177,-597,767
-0.07843017578125,-0.32763671875,0.81640625,0.4690242111682892,183,-590,772
-0.0777587890625,-0.32763671875,0.81689453125,0.4682852625846863,187,-588,785
-0.0772705078125,-0.32763671875,0.8173828125,0.46751341223716736,176,-591,765
-0.0770263671875,-0.327880859375,0.81787109375,0.4665275514125824,191,-604,779
-0.07684326171875,-0.328125,0.81884765625,0.4646693170070648,178,-601,771
-0.076904296875,-0.328369140625,0.8193359375,0.4636249244213104,165,-607,764
-0.07672119140625,-0.32861328125,0.81982421875,0.46261802315711975,175,-610,763
-0.07635498046875,-0.328857421875,0.8203125,0.461638480424881,194,-599,755
-0.07611083984375,-0.329345703125,0.82080078125,0.4604613184928894,186,-629,738
-0.07611083984375,-0.32958984375,0.8212890625,0.4594148099422455,162,-627,744
-0.0760498046875,-0.32958984375,0.82177734375,0.45855095982551575,160,-618,767
-0.075439453125,-0.329345703125,0.822265625,0.45795145630836487,186,-602,773
-0.07470703125,-0.329345703125,0.82275390625,0.45719391107559204,196,-605,763
-0.07415771484375,-0.329345703125,0.8232421875,0.4564037024974823,190,-609,770
-0.07403564453125,-0.32958984375,0.82373046875,0.4553651213645935,169,-610,752
-0.07421875,-0.330078125,0.82421875,0.45409631729125977,161,-625,745
-0.074462890625,-0.33056640625,0.82470703125,0.4528128206729889,160,-627,738
-0.0745849609375,-0.3310546875,0.8251953125,0.4515446722507477,159,-631,720
-0.0745849609375,-0.331298828125,0.82568359375,0.4504717290401459,166,-636,719
-0.07421875,-0.33154296875,0.826171875,0.44945618510246277,176,-615,744
-0.07366943359375,-0.33154296875,0.82666015625,0.44864803552627563,184,-605,752
-0.0732421875,-0.331298828125,0.82666015625,0.4488982558250427,178,-614,732
-0.07318115234375,-0.33154296875,0.8271484375,0.4478272497653961,176,-623,734
-0.0733642578125,-0.33203125,0.82763671875,0.4465315341949463,172,-624,730
-0.0736083984375,-0.332275390625,0.828125,0.4454030394554138,166,-637,725
-0.0738525390625,-0.33251953125,0.82861328125,0.44427087903022766,157,-636,723
-0.073974609375,-0.332763671875,0.82861328125,0.44406771659851074,161,-631,729
-0.07379150390625,-0.3330078125,0.8291015625,0.44300249218940735,173,-624,733
-0.073486328125,-0.3330078125,0.8291015625,0.4430532157421112,180,-614,735
-0.0733642578125,-0.3330078125,0.82958984375,0.4421585500240326,176,-620,735
-0.0736083984375,-0.333251953125,0.830078125,0.44101616740226746,164,-633,722
-0.073974609375,-0.333251953125,0.83056640625,0.4400344789028168,161,-637,720
-0.07421875,-0.333251953125,0.8310546875,0.4390704035758972,164,-631,726
-0.07421875,-0.333251953125,0.8310546875,0.4390704035758972,165,-623,732
-0.07421875,-0.3330078125,0.83154296875,0.4383305311203003,167,-625,728
-0.07427978515625,-0.3330078125,0.83154296875,0.43832021951675415,168,-625,713
-0.074462890625,-0.3330078125,0.83203125,0.437361478805542,167,-632,715
-0.0745849609375,-0.332763671875,0.83203125,0.43752649426460266,161,-629,725
