Qw,Qx,Qy,Qz,Ax,Ay,Az,Seq,timestamp_ms
0.000000,0.069336,-0.041626,-0.996704,-162,70,974,0,858760
0.000000,0.068787,-0.041748,-0.996704,-147,66,986,1,858764
0.000000,0.068176,-0.041809,-0.996765,-128,61,995,2,858772
0.000000,0.067444,-0.041748,-0.996826,-118,59,995,3,858781
0.000000,0.066650,-0.041687,-0.996887,-118,57,1000,4,858790
0.000000,0.065979,-0.041565,-0.996948,-122,58,1000,5,858797
0.000000,0.065491,-0.041565,-0.996948,-131,64,997,6,858806
0.000000,0.065125,-0.041626,-0.996948,-132,67,1001,7,858814
0.000000,0.064941,-0.041809,-0.996948,-132,66,994,8,858823
0.000000,0.064880,-0.041931,-0.996948,-134,63,997,9,858831
0.000000,0.064880,-0.042114,-0.996948,-129,63,997,10,858839
0.000000,0.065063,-0.042236,-0.996948,-138,68,999,11,858847
0.000000,0.065369,-0.042419,-0.996948,-149,77,998,12,858856
0.000000,0.065613,-0.042480,-0.996887,-153,82,999,13,858864
0.000000,0.065857,-0.042603,-0.996887,-152,86,1003,14,858873
0.000000,0.066101,-0.042603,-0.996887,-152,86,1002,15,858880
0.000000,0.066284,-0.042542,-0.996887,-147,83,998,16,858889
0.000000,0.066650,-0.042480,-0.996826,-142,80,991,17,858898
0.000000,0.067139,-0.042419,-0.996826,-140,77,994,18,858906
0.021118,0.067688,-0.042358,-0.996582,-138,75,996,19,858915
0.020142,0.068115,-0.042175,-0.996582,-141,74,997,20,858922
0.019226,0.068481,-0.041992,-0.996582,-138,73,1000,21,858931
0.018372,0.068848,-0.041748,-0.996582,-138,75,1005,22,858939
0.017456,0.069214,-0.041565,-0.996582,-138,75,1001,23,858948
0.016479,0.069580,-0.041321,-0.996582,-144,77,994,24,858956
0.015259,0.069946,-0.041199,-0.996582,-149,78,987,25,858964
0.013672,0.070374,-0.041016,-0.996582,-147,83,993,26,858973
0.011902,0.070740,-0.040955,-0.996582,-153,88,1002,27,858981
0.011047,0.070984,-0.040771,-0.996582,-150,89,996,28,858990
0.010986,0.071106,-0.040588,-0.996582,-141,81,991,29,858998
0.032776,0.071350,-0.040344,-0.996094,-136,75,981,30,859006
0.032227,0.071716,-0.040161,-0.996094,-141,76,975,31,859014
0.031433,0.072144,-0.040039,-0.996094,-143,77,977,32,859023
0.030640,0.072571,-0.039856,-0.996094,-141,77,986,33,859032
0.030029,0.072937,-0.039673,-0.996094,-140,73,983,34,859040
0.029724,0.073181,-0.039429,-0.996094,-132,68,981,35,859048
0.029114,0.073547,-0.039185,-0.996094,-137,66,983,36,859056
0.028870,0.073792,-0.038940,-0.996094,-137,63,981,37,859065
0.028687,0.074036,-0.038574,-0.996094,-139,57,975,38,859073
0.042175,0.074341,-0.038208,-0.995605,-138,53,961,39,859082
0.041626,0.074829,-0.037903,-0.995605,-138,55,951,40,859089
0.041016,0.075317,-0.037598,-0.995605,-152,62,962,41,859098
0.040161,0.075928,-0.037231,-0.995605,-157,66,976,42,859107
0.039429,0.076538,-0.036804,-0.995605,-160,64,987,43,859115
0.038818,0.077148,-0.036194,-0.995605,-161,60,978,44,859124
0.049133,0.077881,-0.035522,-0.995117,-158,57,959,45,859132
0.048035,0.078796,-0.034912,-0.995117,-160,54,949,46,859140
0.046814,0.079834,-0.034302,-0.995117,-165,52,953,47,859149
0.045044,0.081055,-0.033752,-0.995117,-172,58,954,48,859157
0.053040,0.082397,-0.033264,-0.994629,-184,65,968,49,859166
0.051025,0.083801,-0.032898,-0.994629,-184,71,977,50,859173
0.049011,0.085083,-0.032654,-0.994629,-185,71,981,51,859182
0.047729,0.085938,-0.032349,-0.994629,-172,66,990,52,859190
0.055725,0.086792,-0.032288,-0.994141,-168,68,995,53,859199
0.054626,0.087524,-0.032166,-0.994141,-173,76,998,54,859207
0.053101,0.088440,-0.032227,-0.994141,-176,86,1013,55,859215
0.051758,0.089233,-0.032288,-0.994141,-185,96,1029,56,859223
0.050110,0.090088,-0.032471,-0.994141,-183,101,1028,57,859232
0.049011,0.090698,-0.032471,-0.994141,-177,102,1035,58,859240
0.057434,0.091064,-0.032593,-0.993652,-165,101,1034,59,859249
0.056885,0.091370,-0.032654,-0.993652,-163,104,1038,60,859256
0.056396,0.091614,-0.032837,-0.993652,-157,106,1035,61,859265
0.055908,0.091736,-0.033325,-0.993652,-161,110,1029,62,859274
0.055237,0.091980,-0.033752,-0.993652,-162,112,1038,63,859283
0.054810,0.092102,-0.034119,-0.993652,-158,110,1048,64,859291
0.054932,0.091919,-0.034424,-0.993652,-157,109,1042,65,859299
0.055420,0.091431,-0.034912,-0.993652,-154,108,1025,66,859307
0.055847,0.090942,-0.035461,-0.993652,-159,108,1006,67,859316
0.056396,0.090393,-0.036072,-0.993652,-164,112,999,68,859324
0.056946,0.089783,-0.036743,-0.993652,-165,116,998,69,859333
0.057312,0.089233,-0.037476,-0.993652,-165,119,996,70,859340
0.057739,0.088623,-0.038269,-0.993652,-162,119,992,71,859349
0.058228,0.087952,-0.039062,-0.993652,-161,118,979,72,859357
0.058594,0.087341,-0.039856,-0.993652,-156,113,976,73,859366
0.050110,0.086731,-0.040588,-0.994141,-153,113,968,74,859375
0.050598,0.086121,-0.041321,-0.994141,-152,113,969,75,859382
0.050781,0.085632,-0.042053,-0.994141,-158,117,964,76,859391
0.050964,0.085144,-0.042786,-0.994141,-153,118,961,77,859399
0.051147,0.084717,-0.043396,-0.994141,-150,114,959,78,859408
0.051270,0.084351,-0.044006,-0.994141,-140,110,957,79,859416
0.051453,0.083984,-0.044495,-0.994141,-142,108,957,80,859424
0.051697,0.083618,-0.044922,-0.994141,-137,104,950,81,859432
0.051819,0.083313,-0.045349,-0.994141,-142,107,946,82,859441
0.051819,0.083069,-0.045715,-0.994141,-142,110,947,83,859449
0.051880,0.082825,-0.046143,-0.994141,-147,113,951,84,859458
0.052063,0.082520,-0.046509,-0.994141,-143,111,945,85,859465
0.052246,0.082214,-0.046814,-0.994141,-135,109,940,86,859475
0.052307,0.081970,-0.047180,-0.994141,-134,111,944,87,859483
0.052368,0.081726,-0.047546,-0.994141,-136,114,955,88,859492
0.052429,0.081482,-0.047852,-0.994141,-137,116,960,89,859500
0.052673,0.081177,-0.048157,-0.994141,-134,114,955,90,859508
0.053040,0.080750,-0.048401,-0.994141,-126,109,949,91,859516
0.053467,0.080322,-0.048645,-0.994141,-122,106,953,92,859525
0.053894,0.079895,-0.048950,-0.994141,-126,108,951,93,859533
0.053833,0.079712,-0.049316,-0.994141,-127,113,952,94,859541
0.053772,0.079529,-0.049622,-0.994141,-121,112,966,95,859549
0.053772,0.079285,-0.049988,-0.994141,-121,111,967,96,859558
0.053772,0.079102,-0.050293,-0.994141,-123,111,963,97,859566
0.053650,0.078979,-0.050598,-0.994141,-121,112,959,98,859575
0.053589,0.078796,-0.050964,-0.994141,-124,115,964,99,859583
0.053528,0.078613,-0.051331,-0.994141,-123,116,970,100,859591
0.053406,0.078491,-0.051636,-0.994141,-120,115,974,101,859600
0.053406,0.078308,-0.051880,-0.994141,-113,112,973,102,859608
0.053223,0.078186,-0.052246,-0.994141,-113,114,971,103,859617
0.052979,0.078125,-0.052612,-0.994141,-115,120,986,104,859625
0.052795,0.078003,-0.052979,-0.994141,-122,128,1001,105,859633
0.052551,0.077881,-0.053406,-0.994141,-132,135,1001,106,859641
0.052307,0.077759,-0.053833,-0.994141,-137,137,995,107,859650
0.051819,0.077698,-0.054382,-0.994141,-137,135,986,108,859659
0.051208,0.077698,-0.054993,-0.994141,-142,136,981,109,859666
0.050415,0.077698,-0.055664,-0.994141,-145,138,983,110,859675
0.049561,0.077698,-0.056458,-0.994141,-149,141,999,111,859683
0.048950,0.077515,-0.057190,-0.994141,-150,143,1004,112,859692
0.048584,0.077209,-0.057983,-0.994141,-147,142,1002,113,859701
0.048279,0.076843,-0.058655,-0.994141,-142,141,996,114,859708
0.048218,0.076355,-0.059387,-0.994141,-138,143,991,115,859717
0.036865,0.075806,-0.059998,-0.994629,-136,145,996,116,859725
0.037354,0.075134,-0.060547,-0.994629,-137,148,996,117,859734
0.038025,0.074463,-0.060974,-0.994629,-135,150,990,118,859742
0.038879,0.073730,-0.061340,-0.994629,-128,150,982,119,859750
0.039612,0.073120,-0.061584,-0.994629,-124,149,982,120,859758
0.040527,0.072449,-0.061768,-0.994629,-117,146,978,121,859767
0.041443,0.071838,-0.061890,-0.994629,-113,141,976,122,859775
0.042786,0.071045,-0.061890,-0.994629,-109,137,980,123,859784
0.030884,0.070374,-0.061890,-0.995117,-106,132,976,124,859791
0.032104,0.069763,-0.061951,-0.995117,-106,130,971,125,859800
0.033142,0.069214,-0.062012,-0.995117,-110,130,981,126,859808
0.033997,0.068726,-0.062134,-0.995117,-110,130,988,127,859817
0.034912,0.068176,-0.062195,-0.995117,-106,128,988,128,859825
0.035950,0.067627,-0.062256,-0.995117,-101,124,991,129,859834
0.037048,0.067017,-0.062256,-0.995117,-101,120,990,130,859842
0.037903,0.066528,-0.062256,-0.995117,-98,118,978,131,859851
0.038330,0.066284,-0.062256,-0.995117,-100,118,981,132,859859
0.022583,0.066162,-0.062256,-0.995605,-104,123,989,133,859868
0.022522,0.066162,-0.062317,-0.995605,-110,125,994,134,859875
0.022339,0.066284,-0.062256,-0.995605,-110,125,988,135,859884
0.021851,0.066528,-0.062134,-0.995605,-106,124,990,136,859892
0.021423,0.066833,-0.061951,-0.995605,-107,125,992,137,859901
0.021118,0.067200,-0.061707,-0.995605,-102,124,988,138,859909
0.020874,0.067566,-0.061340,-0.995605,-104,126,987,139,859917
0.019470,0.068237,-0.061096,-0.995605,-113,129,969,140,859925
0.018250,0.068909,-0.060730,-0.995605,-119,127,960,141,859934
0.015686,0.069824,-0.060364,-0.995605,-123,126,939,142,859943
0.012878,0.070740,-0.059998,-0.995605,-120,121,933,143,859951
0.006042,0.071899,-0.059692,-0.995605,-123,119,924,144,859959
0.029114,0.073181,-0.059448,-0.995117,-128,119,927,145,859967
0.026428,0.074402,-0.059204,-0.995117,-136,117,923,146,859976
0.023926,0.075439,-0.058960,-0.995117,-146,119,926,147,859984
0.019836,0.076721,-0.058838,-0.995117,-156,119,919,148,859993
0.013977,0.078064,-0.058716,-0.995117,-160,120,923,149,860000
0.000000,0.079346,-0.058594,-0.995056,-170,123,915,150,860009
0.000000,0.080261,-0.058533,-0.994995,-167,122,919,151,860018
0.000000,0.081604,-0.058716,-0.994873,-177,128,930,152,860026
0.020325,0.082642,-0.058899,-0.994629,-176,131,945,153,860035
0.012817,0.083923,-0.059204,-0.994629,-180,138,951,154,860043
0.000000,0.084839,-0.059448,-0.994568,-184,142,969,155,860051
0.000000,0.085754,-0.059753,-0.994507,-182,146,968,156,860060
0.000000,0.086670,-0.060120,-0.994385,-182,152,975,157,860068
0.000000,0.087463,-0.060547,-0.994263,-184,160,989,158,860077
0.014709,0.088074,-0.060913,-0.994141,-190,167,997,159,860084
0.010559,0.088501,-0.061157,-0.994141,-196,175,998,160,860093
0.004089,0.088867,-0.061401,-0.994141,-191,174,992,161,860101
0.000000,0.088989,-0.061584,-0.994080,-191,173,994,162,860110
0.000000,0.088989,-0.061707,-0.994080,-185,164,992,163,860118
0.000000,0.088806,-0.061768,-0.994080,-177,165,981,164,860126
0.008545,0.088440,-0.061523,-0.994141,-161,148,988,165,860134
0.014526,0.087952,-0.061096,-0.994141,-148,135,975,166,860143
0.000000,0.087585,-0.060608,-0.994263,-152,135,977,167,860151
0.000000,0.087402,-0.059998,-0.994324,-157,131,986,168,860160
0.000000,0.087219,-0.059265,-0.994385,-158,126,970,169,860168
0.000000,0.087219,-0.058472,-0.994446,-161,119,964,170,860176
0.000000,0.087402,-0.057556,-0.994446,-156,110,960,171,860185
0.000000,0.087830,-0.056702,-0.994507,-162,109,954,172,860194
0.000000,0.088379,-0.055786,-0.994507,-165,107,959,173,860202
0.000000,0.089111,-0.054749,-0.994507,-167,105,966,174,860210
0.000000,0.090210,-0.053833,-0.994446,-181,108,964,175,860218
0.000000,0.091492,-0.053040,-0.994385,-188,113,968,176,860227
0.000000,0.092773,-0.052246,-0.994263,-193,116,982,177,860235
0.014160,0.093994,-0.051453,-0.994141,-193,115,987,178,860244
0.009766,0.095032,-0.050537,-0.994141,-189,111,990,179,860251
0.000000,0.096069,-0.049744,-0.994080,-192,111,986,180,860260
0.000000,0.097107,-0.048950,-0.994019,-193,110,984,181,860269
0.000000,0.098083,-0.048218,-0.993958,-193,107,982,182,860277
0.000000,0.099060,-0.047546,-0.993896,-197,108,976,183,860286
0.000000,0.099792,-0.046814,-0.993896,-193,106,982,184,860293
0.000000,0.100464,-0.046082,-0.993835,-191,100,984,185,860302
0.019043,0.101135,-0.045410,-0.993652,-199,100,973,186,860310
0.018616,0.101562,-0.044617,-0.993652,-199,94,962,187,860319
0.018311,0.101929,-0.043884,-0.993652,-200,87,957,188,860327
0.019409,0.102051,-0.043152,-0.993652,-194,78,961,189,860335
0.021545,0.101929,-0.042419,-0.993652,-195,74,964,190,860343
0.000000,0.101440,-0.041565,-0.993958,-191,72,962,191,860352
0.000000,0.100952,-0.040894,-0.994019,-188,71,959,192,860360
0.000000,0.100403,-0.040283,-0.994080,-187,70,963,193,860369
0.011719,0.099792,-0.039856,-0.994141,-185,69,967,194,860376
0.018372,0.098938,-0.039429,-0.994141,-181,67,974,195,860385
0.022949,0.098083,-0.039185,-0.994141,-181,71,978,196,860394
0.000000,0.097107,-0.038940,-0.994446,-178,75,984,197,860402
0.000000,0.096130,-0.038757,-0.994568,-169,71,992,198,860411
0.012390,0.095215,-0.038635,-0.994629,-162,72,995,199,860419
0.019043,0.094177,-0.038452,-0.994629,-165,77,993,200,860427
0.000000,0.093384,-0.038330,-0.994873,-165,76,984,201,860436
0.000000,0.092712,-0.038269,-0.994934,-168,73,988,202,860444
0.000000,0.092163,-0.038208,-0.994995,-164,68,990,203,860453
0.000000,0.091614,-0.038147,-0.995056,-165,68,990,204,860460
0.000000,0.091064,-0.038086,-0.995056,-162,67,988,205,860469
0.009155,0.090576,-0.038086,-0.995117,-161,63,989,206,860477
0.012939,0.090088,-0.038147,-0.995117,-162,64,986,207,860486
0.014587,0.089783,-0.038269,-0.995117,-169,67,989,208,860495
0.015747,0.089539,-0.038391,-0.995117,-171,66,993,209,860502
0.015686,0.089478,-0.038574,-0.995117,-180,75,991,210,860511
0.015381,0.089478,-0.038696,-0.995117,-183,77,998,211,860519
0.015503,0.089417,-0.038757,-0.995117,-184,75,997,212,860528
0.015808,0.089355,-0.038818,-0.995117,-184,73,1002,213,860536
0.015320,0.089417,-0.038879,-0.995117,-186,74,1000,214,860544
0.014526,0.089478,-0.039001,-0.995117,-194,78,996,215,860553
0.014038,0.089478,-0.039185,-0.995117,-196,80,995,216,860561
0.000000,0.089417,-0.039307,-0.995178,-195,80,996,217,860570
0.000000,0.089417,-0.039551,-0.995178,-197,80,985,218,860578
0.000000,0.089417,-0.039795,-0.995178,-200,76,981,219,860586
0.000000,0.089355,-0.039917,-0.995178,-198,73,974,220,860594
0.000000,0.089294,-0.039978,-0.995178,-198,68,964,221,860603
0.000000,0.089172,-0.039978,-0.995178,-192,62,952,222,860611
0.000000,0.089111,-0.039917,-0.995178,-193,57,947,223,860620
0.000000,0.089111,-0.039795,-0.995178,-194,58,938,224,860628
0.000000,0.089233,-0.039612,-0.995178,-194,54,946,225,860636
0.000000,0.089355,-0.039429,-0.995178,-195,50,953,226,860645
0.000000,0.089539,-0.039062,-0.995178,-198,47,955,227,860653
0.000000,0.089600,-0.038635,-0.995178,-194,46,949,228,860662
0.000000,0.089661,-0.038269,-0.995178,-193,44,944,229,860669
0.000000,0.089844,-0.037842,-0.995178,-192,42,943,230,860678
0.000000,0.090088,-0.037415,-0.995178,-190,39,944,231,860686
0.000000,0.090332,-0.037048,-0.995178,-187,37,947,232,860695
0.000000,0.090759,-0.036804,-0.995178,-192,39,948,233,860703
0.000000,0.091248,-0.036621,-0.995117,-194,40,960,234,860711
0.000000,0.091553,-0.036438,-0.995117,-198,44,971,235,860720
0.000000,0.091858,-0.036194,-0.995056,-198,42,967,236,860728
0.000000,0.092041,-0.035950,-0.995056,-191,37,961,237,860737
0.000000,0.092041,-0.035828,-0.995056,-185,31,960,238,860745
0.000000,0.092102,-0.035645,-0.995056,-184,27,962,239,860753
0.000000,0.092224,-0.035522,-0.995056,-186,27,968,240,860762
0.000000,0.092163,-0.035278,-0.995056,-189,26,974,241,860770
0.000000,0.091980,-0.035034,-0.995117,-191,28,966,242,860779
0.000000,0.091797,-0.034790,-0.995117,-189,27,948,243,860787
0.000000,0.091675,-0.034546,-0.995178,-186,29,937,244,860795
0.000000,0.091553,-0.034363,-0.995178,-189,31,939,245,860803
0.000000,0.091431,-0.034241,-0.995178,-187,30,945,246,860812
0.000000,0.091492,-0.034241,-0.995178,-188,35,945,247,860820
0.000000,0.091736,-0.034302,-0.995178,-190,37,951,248,860829
0.000000,0.092041,-0.034485,-0.995117,-193,40,957,249,860836
0.000000,0.092407,-0.034668,-0.995056,-196,45,955,250,860845
0.000000,0.092834,-0.034851,-0.995056,-197,50,948,251,860854
0.000000,0.093384,-0.035217,-0.994995,-202,59,956,252,860862
0.000000,0.093994,-0.035522,-0.994873,-207,68,966,253,860871
0.000000,0.094727,-0.035828,-0.994812,-215,77,967,254,860878
0.000000,0.095337,-0.036133,-0.994751,-212,81,959,255,860887
0.000000,0.096008,-0.036499,-0.994690,-212,84,954,256,860895
0.000000,0.096802,-0.036926,-0.994568,-208,86,944,257,860904
0.000000,0.097778,-0.037415,-0.994446,-212,89,935,258,860913
0.000000,0.098694,-0.037964,-0.994385,-214,94,944,259,860920
0.000000,0.099304,-0.038330,-0.994263,-213,93,949,260,860929
0.000000,0.099731,-0.038696,-0.994202,-211,93,953,261,860937
0.000000,0.100037,-0.038818,-0.994202,-201,87,955,262,860946
0.000000,0.100220,-0.038757,-0.994202,-202,82,954,263,860954
0.009827,0.100403,-0.038818,-0.994141,-195,79,953,264,860962
0.009277,0.100464,-0.038757,-0.994141,-195,81,957,265,860970
0.009033,0.100525,-0.038696,-0.994141,-193,84,960,266,860979
0.005676,0.100769,-0.038696,-0.994141,-200,92,959,267,860987
0.000000,0.101135,-0.038696,-0.994080,-207,101,983,268,860996
0.000000,0.101379,-0.038696,-0.994080,-221,112,1006,269,861004
0.000000,0.101196,-0.038513,-0.994080,-223,121,1022,270,861012
0.000000,0.101013,-0.038635,-0.994080,-230,132,1012,271,861021
0.006653,0.100708,-0.038696,-0.994141,-218,129,1009,272,861029
0.000000,0.100159,-0.038696,-0.994202,-211,124,1012,273,861038
0.000000,0.099304,-0.038574,-0.994263,-200,115,1016,274,861046
0.000000,0.098389,-0.038391,-0.994385,-191,108,1009,275,861054
0.000000,0.097534,-0.038269,-0.994446,-190,105,1010,276,861063
0.000000,0.096802,-0.038208,-0.994507,-195,107,1014,277,861071
0.000000,0.095947,-0.038025,-0.994629,-192,102,1013,278,861080
0.000000,0.095032,-0.037781,-0.994751,-186,96,1004,279,861087
0.000000,0.093994,-0.037415,-0.994812,-176,88,986,280,861096
0.000000,0.092957,-0.037048,-0.994934,-168,79,974,281,861104
0.000000,0.092041,-0.036743,-0.995056,-166,76,968,282,861113
0.000000,0.091187,-0.036438,-0.995117,-165,73,977,283,861122
0.000000,0.090393,-0.036255,-0.995239,-170,76,983,284,861129
0.000000,0.089661,-0.036072,-0.995300,-172,77,994,285,861138
0.000000,0.088989,-0.035950,-0.995361,-171,79,1003,286,861146
0.000000,0.088257,-0.035889,-0.995422,-168,81,1016,287,861155
0.000000,0.087585,-0.035950,-0.995483,-173,83,1026,288,861163
0.000000,0.086853,-0.036072,-0.995544,-167,81,1022,289,861171
0.000000,0.086121,-0.036255,-0.995605,-168,81,1031,290,861179
0.000000,0.085449,-0.036499,-0.995667,-168,85,1035,291,861188
0.000000,0.084656,-0.036804,-0.995667,-169,91,1038,292,861196
0.000000,0.083862,-0.037231,-0.995728,-170,96,1027,293,861205
0.000000,0.083069,-0.037598,-0.995789,-160,93,1015,294,861213
0.000000,0.082275,-0.037964,-0.995850,-154,88,1010,295,861221
0.000000,0.081421,-0.038330,-0.995911,-149,87,1003,296,861230
0.000000,0.080566,-0.038574,-0.995972,-150,85,996,297,861238
0.000000,0.079651,-0.038818,-0.996033,-147,82,981,298,861247
0.000000,0.078796,-0.038940,-0.996094,-146,78,972,299,861254
0.000000,0.078003,-0.039062,-0.996155,-141,74,961,300,861263
0.000000,0.077209,-0.039185,-0.996216,-142,71,959,301,861271
0.000000,0.076477,-0.039307,-0.996277,-143,72,955,302,861280
0.000000,0.075684,-0.039429,-0.996338,-144,72,959,303,861289
0.000000,0.074951,-0.039612,-0.996399,-140,77,959,304,861296
0.000000,0.074341,-0.039856,-0.996399,-144,80,959,305,861305
0.000000,0.073792,-0.040161,-0.996460,-149,85,957,306,861313
0.000000,0.073486,-0.040527,-0.996460,-144,86,947,307,861322
0.000000,0.073181,-0.041016,-0.996460,-146,86,954,308,861331
0.000000,0.072815,-0.041382,-0.996460,-146,89,953,309,861338
0.000000,0.072449,-0.041687,-0.996460,-140,87,962,310,861347
0.000000,0.072205,-0.042053,-0.996460,-135,86,971,311,861355
0.000000,0.072083,-0.042419,-0.996460,-136,82,970,312,861364
0.000000,0.072449,-0.042786,-0.996399,-130,85,962,313,861372
0.000000,0.072876,-0.043152,-0.996399,-142,86,980,314,861380
0.000000,0.072754,-0.043396,-0.996399,-135,81,985,315,861388
0.000000,0.072754,-0.043640,-0.996338,-146,91,981,316,861397
0.000000,0.072815,-0.043823,-0.996338,-151,90,989,317,861405
0.000000,0.073242,-0.044067,-0.996277,-157,93,971,318,861414
0.000000,0.073242,-0.044067,-0.996277,-152,92,977,319,861421
0.000000,0.073425,-0.044189,-0.996277,-160,92,974,320,861430
0.000000,0.073486,-0.044189,-0.996277,-154,90,968,321,861439
0.000000,0.073730,-0.044189,-0.996277,-157,87,953,322,861447
0.000000,0.073853,-0.044250,-0.996277,-152,85,963,323,861456
0.000000,0.074402,-0.044373,-0.996216,-162,88,973,324,861463
0.000000,0.074585,-0.044312,-0.996216,-167,89,976,325,861472
0.000000,0.074280,-0.044128,-0.996216,-151,84,971,326,861481
0.000000,0.074280,-0.044067,-0.996216,-167,92,966,327,861489
0.000000,0.074158,-0.044006,-0.996216,-157,91,954,328,861498
0.000000,0.074158,-0.043945,-0.996216,-160,91,949,329,861505
0.000000,0.073853,-0.044006,-0.996277,-154,89,958,330,861514
0.000000,0.073792,-0.044006,-0.996277,-163,92,972,331,861522
0.000000,0.073425,-0.044006,-0.996277,-152,90,978,332,861531
0.000000,0.073120,-0.044006,-0.996338,-153,91,988,333,861539
0.000000,0.072571,-0.044067,-0.996338,-152,92,994,334,861547
0.000000,0.071899,-0.044006,-0.996399,-151,93,1000,335,861556
0.000000,0.071045,-0.043884,-0.996460,-152,97,1010,336,861564
0.000000,0.070190,-0.043701,-0.996521,-159,104,1001,337,861573
0.000000,0.069153,-0.043396,-0.996643,-157,102,1003,338,861581
0.000000,0.067993,-0.043091,-0.996704,-156,96,1011,339,861589
0.000000,0.066772,-0.042664,-0.996826,-154,92,988,340,861597
0.000000,0.065430,-0.041992,-0.996948,-146,87,954,341,861606
0.000000,0.063965,-0.041199,-0.997070,-131,71,935,342,861614
0.000000,0.062561,-0.040405,-0.997192,-126,62,924,343,861623
0.000000,0.061096,-0.039307,-0.997314,-127,56,943,344,861630
0.000000,0.059326,-0.038086,-0.997498,-135,54,963,345,861639
0.046692,0.057251,-0.036865,-0.996582,-125,55,954,346,861648
0.050049,0.055237,-0.035522,-0.996582,-123,51,951,347,861656
0.053040,0.053284,-0.034119,-0.996582,-106,44,946,348,861665
0.046082,0.051392,-0.032898,-0.997070,-102,41,954,349,861673
0.048706,0.049622,-0.031738,-0.997070,-97,42,958,350,861681
0.050964,0.048035,-0.030701,-0.997070,-92,42,973,351,861690
0.028992,0.046509,-0.029907,-0.998047,-89,39,994,352,861698
0.031982,0.045044,-0.029053,-0.998047,-85,36,996,353,861707
0.015015,0.043579,-0.028259,-0.998535,-74,20,994,354,861714
0.019287,0.042297,-0.027649,-0.998535,-74,34,985,355,861723
0.022766,0.041016,-0.026855,-0.998535,-70,19,998,356,861731
0.025635,0.039856,-0.026062,-0.998535,-60,17,997,357,861740
0.027710,0.038879,-0.025391,-0.998535,-58,19,1010,358,861748
0.029297,0.038086,-0.024719,-0.998535,-61,22,1020,359,861756
0.030701,0.037415,-0.024109,-0.998535,-67,19,1036,360,861764
0.006165,0.036804,-0.023560,-0.999023,-70,24,1034,361,861773
0.009827,0.036255,-0.023193,-0.999023,-71,26,1045,362,861782
0.011353,0.036011,-0.022888,-0.999023,-74,29,1063,363,861790
0.012024,0.035828,-0.022766,-0.999023,-74,35,1071,364,861798
0.012329,0.035828,-0.022644,-0.999023,-71,40,1080,365,861806
0.012024,0.036011,-0.022583,-0.999023,-77,53,1087,366,861815
0.011047,0.036316,-0.022583,-0.999023,-97,69,1104,367,861823
0.009399,0.036682,-0.022705,-0.999023,-115,80,1127,368,861832
0.008423,0.036865,-0.022766,-0.999023,-126,85,1134,369,861840
0.008240,0.036926,-0.022766,-0.999023,-128,88,1125,370,861848
0.008789,0.036743,-0.022827,-0.999023,-128,88,1125,371,861857
0.009766,0.036438,-0.022888,-0.999023,-136,90,1122,372,861865
0.011169,0.036011,-0.023010,-0.999023,-131,87,1116,373,861874
0.012817,0.035400,-0.023071,-0.999023,-131,82,1113,374,861881
0.014954,0.034546,-0.023071,-0.999023,-127,76,1107,375,861890
0.017212,0.033569,-0.022949,-0.999023,-127,73,1101,376,861899
0.019531,0.032410,-0.022766,-0.999023,-116,66,1095,377,861907
0.021606,0.031250,-0.022522,-0.999023,-107,56,1089,378,861916
0.023621,0.029968,-0.022217,-0.999023,-96,47,1087,379,861923
0.025269,0.028748,-0.021973,-0.999023,-85,40,1093,380,861932
0.026733,0.027588,-0.021729,-0.999023,-75,35,1102,381,861940
0.027771,0.026672,-0.021545,-0.999023,-72,34,1111,382,861949
0.028687,0.025757,-0.021423,-0.999023,-72,34,1118,383,861957
0.029419,0.025024,-0.021362,-0.999023,-72,36,1116,384,861965
0.030090,0.024292,-0.021301,-0.999023,-70,33,1123,385,861973
0.000000,0.023560,-0.021179,-0.999451,-65,29,1118,386,861982
0.002991,0.022827,-0.021057,-0.999512,-56,24,1109,387,861990
0.006104,0.022217,-0.021057,-0.999512,-48,20,1102,388,861999
0.007629,0.021729,-0.021057,-0.999512,-47,14,1105,389,862007
0.008484,0.021423,-0.021057,-0.999512,-45,12,1092,390,862015
0.008545,0.021423,-0.021057,-0.999512,-45,9,1087,391,862024
0.008789,0.021362,-0.020996,-0.999512,-43,6,1080,392,862032
0.008850,0.021362,-0.020935,-0.999512,-38,5,1064,393,862041
0.008850,0.021423,-0.020874,-0.999512,-41,4,1060,394,862049
0.008728,0.021484,-0.020874,-0.999512,-37,1,1059,395,862057
0.008301,0.021667,-0.020813,-0.999512,-47,5,1054,396,862066
0.008057,0.021851,-0.020813,-0.999512,-38,2,1052,397,862074
0.007812,0.022034,-0.020630,-0.999512,-46,4,1044,398,862083
0.007446,0.022278,-0.020569,-0.999512,-42,6,1038,399,862090
0.005920,0.022705,-0.020569,-0.999512,-55,14,1042,400,862099
0.004333,0.023010,-0.020630,-0.999512,-54,17,1044,401,862107
0.031189,0.023315,-0.020752,-0.999023,-53,19,1044,402,862116
0.030884,0.023621,-0.020874,-0.999023,-60,25,1044,403,862124
0.030579,0.023804,-0.021118,-0.999023,-68,33,1046,404,862132
0.030334,0.023865,-0.021423,-0.999023,-72,40,1044,405,862141
0.030212,0.023743,-0.021729,-0.999023,-75,47,1043,406,862149
0.030212,0.023315,-0.022095,-0.999023,-76,54,1039,407,862158
0.030396,0.022705,-0.022583,-0.999023,-78,59,1042,408,862166
0.030762,0.021790,-0.022949,-0.999023,-78,64,1052,409,862174
0.031128,0.020813,-0.023376,-0.999023,-74,67,1053,410,862183
0.031189,0.020081,-0.023926,-0.999023,-71,68,1038,411,862191
0.031250,0.019287,-0.024536,-0.999023,-71,65,1023,412,862200
0.031433,0.018250,-0.025024,-0.999023,-54,52,1008,413,862208
0.031799,0.017029,-0.025391,-0.999023,-50,42,993,414,862216
0.032288,0.015747,-0.025635,-0.999023,-41,35,974,415,862224
0.032654,0.014404,-0.025940,-0.999023,-40,30,958,416,862233
0.033020,0.013062,-0.026245,-0.999023,-33,27,956,417,862241
0.033203,0.011963,-0.026489,-0.999023,-34,26,954,418,862250
0.033325,0.010986,-0.026733,-0.999023,-27,26,952,419,862258
0.033325,0.010376,-0.027039,-0.999023,-27,25,968,420,862266
0.033264,0.009766,-0.027344,-0.999023,-23,26,981,421,862275
0.033264,0.009216,-0.027527,-0.999023,-23,24,991,422,862283
0.033081,0.008972,-0.027771,-0.999023,-24,30,991,423,862291
0.032959,0.008789,-0.028015,-0.999023,-25,32,1004,424,862299
0.032837,0.008728,-0.028137,-0.999023,-24,36,1020,425,862308
0.032837,0.008667,-0.028198,-0.999023,-28,40,1026,426,862316
0.032898,0.008545,-0.028198,-0.999023,-23,42,1026,427,862325
0.033020,0.008423,-0.028076,-0.999023,-25,45,1034,428,862333
0.032898,0.008606,-0.028137,-0.999023,-27,51,1035,429,862341
0.032959,0.008667,-0.028015,-0.999023,-22,49,1029,430,862349
0.032959,0.008972,-0.027954,-0.999023,-15,42,1031,431,862358
0.032959,0.009277,-0.027893,-0.999023,-21,42,1042,432,862367
0.032959,0.009583,-0.027771,-0.999023,-16,43,1034,433,862375
0.032837,0.009949,-0.027771,-0.999023,-24,48,1045,434,862383
0.045288,0.010010,-0.027771,-0.998535,-27,47,1058,435,862392
0.045349,0.009888,-0.027710,-0.998535,-21,50,1052,436,862400
0.045471,0.009766,-0.027649,-0.998535,-17,54,1044,437,862409
0.045410,0.009644,-0.027649,-0.998535,-17,62,1041,438,862416
0.045349,0.009583,-0.027832,-0.998535,-22,69,1043,439,862425
0.045288,0.009460,-0.028015,-0.998535,-26,74,1051,440,862433
0.045166,0.009460,-0.028198,-0.998535,-27,80,1048,441,862442
0.045044,0.009460,-0.028442,-0.998535,-32,84,1053,442,862450
0.044983,0.009277,-0.028564,-0.998535,-34,91,1051,443,862458
0.044922,0.009216,-0.028625,-0.998535,-27,90,1051,444,862466
0.044800,0.009338,-0.028748,-0.998535,-20,87,1041,445,862475
0.044678,0.009644,-0.028870,-0.998535,-16,82,1024,446,862484
0.044556,0.010193,-0.028870,-0.998535,-18,78,1010,447,862492
0.044434,0.010803,-0.028809,-0.998535,-17,74,1002,448,862500
0.044373,0.011536,-0.028687,-0.998535,-17,70,999,449,862508
0.044312,0.012268,-0.028442,-0.998535,-19,70,1000,450,862517
0.044250,0.013123,-0.028198,-0.998535,-16,68,1003,451,862526
0.044128,0.014038,-0.027893,-0.998535,-17,67,1011,452,862534
0.044006,0.015076,-0.027588,-0.998535,-20,69,1011,453,862542
0.043701,0.016357,-0.027283,-0.998535,-32,75,1011,454,862550
0.043335,0.017700,-0.027039,-0.998535,-36,81,1004,455,862559
0.052979,0.019287,-0.026794,-0.998047,-43,87,1013,456,862567
0.052490,0.020813,-0.026672,-0.998047,-47,90,1030,457,862576
0.052002,0.022278,-0.026428,-0.998047,-54,92,1041,458,862583
0.051697,0.023560,-0.025879,-0.998047,-57,91,1049,459,862592
0.051392,0.024780,-0.025330,-0.998047,-61,88,1049,460,862601
0.051208,0.025818,-0.024658,-0.998047,-61,83,1047,461,862609
0.050842,0.026917,-0.024231,-0.998047,-63,80,1040,462,862618
0.050537,0.027893,-0.023743,-0.998047,-69,79,1044,463,862625
0.050354,0.028748,-0.023132,-0.998047,-71,77,1051,464,862634
0.050110,0.029602,-0.022583,-0.998047,-74,77,1050,465,862642
0.049622,0.030640,-0.022278,-0.998047,-76,79,1037,466,862651
0.049011,0.031738,-0.022034,-0.998047,-75,74,1035,467,862659
0.048340,0.032898,-0.021851,-0.998047,-79,74,1022,468,862667
0.047668,0.033997,-0.021729,-0.998047,-82,72,1021,469,862675
0.047058,0.034912,-0.021606,-0.998047,-88,69,1030,470,862684
0.046509,0.035767,-0.021423,-0.998047,-87,66,1031,471,862692
0.046082,0.036377,-0.021118,-0.998047,-85,61,1026,472,862701
0.045837,0.036926,-0.020813,-0.998047,-82,55,1021,473,862709
0.045532,0.037476,-0.020508,-0.998047,-74,48,1014,474,862717
0.045227,0.037964,-0.020325,-0.998047,-73,47,1005,475,862726
0.044800,0.038635,-0.019897,-0.998047,-74,42,1017,476,862734
0.054382,0.039124,-0.019592,-0.997559,-72,37,1021,477,862743
0.054138,0.039612,-0.019287,-0.997559,-69,34,1018,478,862750
0.053955,0.040039,-0.018921,-0.997559,-70,31,1016,479,862759
0.053711,0.040405,-0.018738,-0.997559,-72,32,1007,480,862767
0.053406,0.040894,-0.018616,-0.997559,-82,39,1004,481,862776
0.052979,0.041443,-0.018555,-0.997559,-82,38,1009,482,862785
0.052551,0.041992,-0.018555,-0.997559,-74,31,1016,483,862792
0.052185,0.042480,-0.018616,-0.997559,-75,31,1022,484,862801
0.051697,0.043030,-0.018677,-0.997559,-79,34,1024,485,862810
0.051208,0.043579,-0.018799,-0.997559,-86,41,1014,486,862818
0.050537,0.044250,-0.018921,-0.997559,-95,46,1015,487,862827
0.049927,0.044922,-0.018982,-0.997559,-93,44,1018,488,862834
0.049377,0.045471,-0.019043,-0.997559,-91,42,1014,489,862843
0.048889,0.045959,-0.019165,-0.997559,-89,41,1014,490,862851
0.048401,0.046448,-0.019287,-0.997559,-89,42,1019,491,862860
0.047729,0.047058,-0.019470,-0.997559,-95,43,1021,492,862868
0.046997,0.047668,-0.019714,-0.997559,-92,44,1021,493,862876
0.046143,0.048462,-0.019958,-0.997559,-97,51,1025,494,862884
0.044983,0.049377,-0.020264,-0.997559,-103,59,1028,495,862893
0.053833,0.050232,-0.020508,-0.997070,-103,62,1027,496,862902
0.052979,0.051025,-0.020813,-0.997070,-107,67,1020,497,862910
0.052246,0.051697,-0.020996,-0.997070,-102,65,1012,498,862918
0.051758,0.052124,-0.021179,-0.997070,-93,58,1008,499,862926
0.051270,0.052551,-0.021362,-0.997070,-93,54,1007,500,862935
0.050964,0.052795,-0.021423,-0.997070,-88,48,1003,501,862944
0.050720,0.053040,-0.021423,-0.997070,-85,42,998,502,862952
0.050720,0.053040,-0.021423,-0.997070,-80,40,988,503,862960
0.050598,0.053162,-0.021423,-0.997070,-85,41,977,504,862968
0.050476,0.053284,-0.021423,-0.997070,-82,40,979,505,862977
0.050354,0.053406,-0.021423,-0.997070,-85,44,976,506,862985
0.050232,0.053528,-0.021423,-0.997070,-87,47,976,507,862994
0.049988,0.053711,-0.021484,-0.997070,-92,50,981,508,863001
0.049561,0.054016,-0.021606,-0.997070,-88,48,989,509,863010
0.049194,0.054321,-0.021729,-0.997070,-83,48,988,510,863018
0.048889,0.054565,-0.021790,-0.997070,-79,48,987,511,863027
0.048523,0.054871,-0.021851,-0.997070,-84,53,979,512,863035
0.047913,0.055359,-0.022034,-0.997070,-84,55,981,513,863043
0.047302,0.055847,-0.022217,-0.997070,-82,55,985,514,863052
0.056152,0.056274,-0.022339,-0.996582,-82,55,988,515,863060
0.055725,0.056641,-0.022461,-0.996582,-80,53,980,516,863069
0.055176,0.057129,-0.022583,-0.996582,-82,52,984,517,863077
0.054565,0.057678,-0.022705,-0.996582,-88,55,979,518,863085
0.053833,0.058289,-0.022766,-0.996582,-83,52,969,519,863093
0.053101,0.058960,-0.022888,-0.996582,-81,50,968,520,863102
0.052307,0.059570,-0.023010,-0.996582,-80,51,975,521,863110
0.051575,0.060181,-0.023132,-0.996582,-79,50,984,522,863119
0.050598,0.060913,-0.023315,-0.996582,-81,54,976,523,863127
0.058411,0.061829,-0.023560,-0.996094,-88,62,975,524,863135
0.057251,0.062805,-0.023865,-0.996094,-94,69,976,525,863144
0.055908,0.063904,-0.024170,-0.996094,-103,77,983,526,863153
0.054504,0.064941,-0.024597,-0.996094,-111,85,996,527,863161
0.053101,0.065979,-0.024902,-0.996094,-109,79,998,528,863169
0.060425,0.066895,-0.025208,-0.995605,-112,90,982,529,863177
0.059204,0.067871,-0.025574,-0.995605,-119,91,995,530,863185
0.057922,0.068787,-0.026001,-0.995605,-115,94,986,531,863194
0.056396,0.069885,-0.026489,-0.995605,-128,99,976,532,863202
0.054626,0.071106,-0.026917,-0.995605,-130,97,977,533,863210
0.061523,0.072144,-0.027344,-0.995117,-125,93,971,534,863219
0.060303,0.073059,-0.027649,-0.995117,-122,88,963,535,863228
0.059204,0.073853,-0.027954,-0.995117,-123,86,955,536,863236
0.057861,0.074768,-0.028259,-0.995117,-130,89,942,537,863245
0.056213,0.075867,-0.028687,-0.995117,-137,93,940,538,863252
0.054749,0.076782,-0.028992,-0.995117,-135,92,945,539,863261
0.061829,0.077637,-0.029358,-0.994629,-139,95,948,540,863269
0.060791,0.078308,-0.029602,-0.994629,-140,96,951,541,863278
0.059875,0.078918,-0.029907,-0.994629,-143,103,949,542,863286
0.058960,0.079468,-0.030212,-0.994629,-141,105,961,543,863294
0.058350,0.079834,-0.030518,-0.994629,-140,110,970,544,863303
0.058044,0.079956,-0.030762,-0.994629,-132,104,962,545,863311
0.057861,0.080017,-0.030945,-0.994629,-124,99,940,546,863320
0.057556,0.080261,-0.030945,-0.994629,-124,94,931,547,863328
0.057251,0.080383,-0.031128,-0.994629,-119,86,941,548,863336
0.057068,0.080444,-0.031250,-0.994629,-121,86,946,549,863344
0.057129,0.080383,-0.031372,-0.994629,-121,88,949,550,863353
0.057190,0.080322,-0.031433,-0.994629,-123,91,946,551,863361
0.057434,0.080139,-0.031433,-0.994629,-112,84,944,552,863370
0.057983,0.079773,-0.031372,-0.994629,-105,80,941,553,863377
0.058105,0.079712,-0.031250,-0.994629,-106,78,938,554,863386
0.058289,0.079651,-0.031067,-0.994629,-112,81,933,555,863395
0.058594,0.079468,-0.030945,-0.994629,-118,84,929,556,863403
0.058838,0.079346,-0.030823,-0.994629,-118,85,930,557,863412
0.059204,0.079163,-0.030640,-0.994629,-126,88,931,558,863419
0.059753,0.078796,-0.030457,-0.994629,-119,78,945,559,863428
0.060608,0.078247,-0.030273,-0.994629,-119,74,941,560,863436
0.061340,0.077759,-0.029907,-0.994629,-115,63,941,561,863445
0.053589,0.077393,-0.029602,-0.995117,-128,73,929,562,863453
0.054321,0.076965,-0.029358,-0.995117,-131,76,940,563,863461
0.055176,0.076477,-0.029053,-0.995117,-121,76,946,564,863470
0.056396,0.075745,-0.028625,-0.995117,-114,74,955,565,863478
0.057861,0.074829,-0.028137,-0.995117,-108,73,963,566,863487
0.059021,0.074097,-0.027649,-0.995117,-106,71,966,567,863495
0.059998,0.073486,-0.027161,-0.995117,-100,64,959,568,863503
0.060669,0.073059,-0.026733,-0.995117,-99,57,955,569,863511
0.052795,0.072693,-0.026367,-0.995605,-92,50,947,570,863520
0.053528,0.072327,-0.025879,-0.995605,-83,41,948,571,863528
0.054260,0.071960,-0.025269,-0.995605,-71,35,957,572,863537
0.055054,0.071594,-0.024658,-0.995605,-70,36,962,573,863544
0.056091,0.070984,-0.024109,-0.995605,-63,34,978,574,863553
0.056946,0.070496,-0.023499,-0.995605,-84,45,982,575,863561
0.057678,0.070129,-0.022766,-0.995605,-83,45,980,576,863571
0.058533,0.069641,-0.022034,-0.995605,-78,39,971,577,863579
0.050415,0.069214,-0.021484,-0.996094,-78,38,961,578,863587
0.051147,0.068787,-0.021118,-0.996094,-76,32,957,579,863595
0.051758,0.068359,-0.020935,-0.996094,-72,31,953,580,863604
0.052063,0.068115,-0.021057,-0.996094,-75,34,961,581,863612
0.052185,0.067932,-0.021301,-0.996094,-83,41,973,582,863621
0.052124,0.067810,-0.021790,-0.996094,-96,48,973,583,863628
0.051941,0.067749,-0.022400,-0.996094,-96,48,966,584,863637
0.051697,0.067688,-0.023132,-0.996094,-97,50,956,585,863645
0.051514,0.067566,-0.023987,-0.996094,-101,54,958,586,863654
0.051392,0.067322,-0.024902,-0.996094,-106,62,959,587,863662
0.051147,0.067139,-0.025879,-0.996094,-114,72,956,588,863670
0.050781,0.067017,-0.026917,-0.996094,-122,80,951,589,863678
0.050232,0.066956,-0.028076,-0.996094,-132,87,954,590,863687
0.049561,0.066956,-0.029236,-0.996094,-135,89,952,591,863696
0.048889,0.066895,-0.030396,-0.996094,-139,96,948,592,863704
0.048401,0.066711,-0.031616,-0.996094,-142,103,952,593,863712
0.047913,0.066528,-0.032715,-0.996094,-146,110,966,594,863720
0.047729,0.066162,-0.033752,-0.996094,-145,109,967,595,863729
0.047729,0.065674,-0.034668,-0.996094,-136,105,963,596,863737
0.047974,0.065002,-0.035583,-0.996094,-129,101,954,597,863746
0.048279,0.064331,-0.036438,-0.996094,-125,96,959,598,863754
0.048523,0.063660,-0.037231,-0.996094,-123,91,971,599,863762
0.049072,0.062805,-0.037964,-0.996094,-116,87,973,600,863771
0.049805,0.061829,-0.038574,-0.996094,-106,80,972,601,863779
0.050598,0.060791,-0.039124,-0.996094,-99,76,972,602,863788
0.051514,0.059753,-0.039612,-0.996094,-90,72,984,603,863795
0.052368,0.058716,-0.039978,-0.996094,-84,71,992,604,863804
0.053040,0.057861,-0.040405,-0.996094,-87,76,994,605,863812
0.043640,0.056946,-0.040894,-0.996582,-84,80,998,606,863821
0.044067,0.056213,-0.041443,-0.996582,-84,82,1006,607,863829
0.044312,0.055542,-0.042053,-0.996582,-82,81,1011,608,863838
0.044495,0.054932,-0.042664,-0.996582,-73,78,1016,609,863846
0.044617,0.054321,-0.043335,-0.996582,-70,78,1018,610,863855
0.044556,0.053833,-0.044006,-0.996582,-71,78,1025,611,863863
0.044373,0.053467,-0.044678,-0.996582,-78,82,1026,612,863872
0.044128,0.053162,-0.045227,-0.996582,-84,83,1024,613,863879
0.043701,0.053040,-0.045776,-0.996582,-92,82,1011,614,863888
0.043274,0.052979,-0.046265,-0.996582,-96,80,1001,615,863896
0.042603,0.053040,-0.046814,-0.996582,-103,85,990,616,863905
0.052063,0.053284,-0.047363,-0.996094,-116,94,991,617,863913
0.051331,0.053528,-0.047852,-0.996094,-122,98,998,618,863921
0.050598,0.053772,-0.048401,-0.996094,-126,103,1001,619,863930
0.049988,0.053955,-0.048828,-0.996094,-126,106,989,620,863938
0.049438,0.054077,-0.049255,-0.996094,-124,106,985,621,863946
0.048828,0.054199,-0.049683,-0.996094,-129,109,982,622,863955
0.048340,0.054321,-0.050049,-0.996094,-126,107,979,623,863963
0.048157,0.054199,-0.050354,-0.996094,-116,98,976,624,863971
0.048035,0.054077,-0.050598,-0.996094,-109,91,972,625,863980
0.048218,0.053711,-0.050781,-0.996094,-101,82,967,626,863988
0.048462,0.053345,-0.050964,-0.996094,-96,80,966,627,863997
0.048828,0.052856,-0.051147,-0.996094,-98,81,970,628,864004
0.049072,0.052368,-0.051392,-0.996094,-102,85,976,629,864013
0.049438,0.051880,-0.051575,-0.996094,-104,88,984,630,864021
0.049866,0.051270,-0.051758,-0.996094,-100,87,993,631,864030
0.050232,0.050720,-0.051880,-0.996094,-104,91,993,632,864039
0.050598,0.050232,-0.052063,-0.996094,-112,98,986,633,864046
0.050842,0.049805,-0.052246,-0.996094,-121,106,986,634,864055
0.050903,0.049438,-0.052490,-0.996094,-131,113,988,635,864063
0.050903,0.049194,-0.052734,-0.996094,-132,113,984,636,864072
0.050842,0.049011,-0.052917,-0.996094,-129,112,985,637,864080
0.050903,0.048767,-0.053101,-0.996094,-127,111,983,638,864088
0.050903,0.048584,-0.053284,-0.996094,-122,110,974,639,864096
0.050781,0.048462,-0.053528,-0.996094,-115,110,983,640,864105
0.050720,0.048401,-0.053650,-0.996094,-107,110,997,641,864113
0.050842,0.048218,-0.053711,-0.996094,-101,109,1007,642,864123
0.051025,0.048035,-0.053650,-0.996094,-92,105,1006,643,864130
0.051147,0.048035,-0.053589,-0.996094,-87,103,1005,644,864139
0.051208,0.048035,-0.053467,-0.996094,-86,105,1008,645,864147
0.051208,0.048157,-0.053406,-0.996094,-87,109,1015,646,864156
0.050964,0.048462,-0.053345,-0.996094,-90,113,1021,647,864164
0.050781,0.048828,-0.053223,-0.996094,-90,114,1018,648,864172
0.050659,0.049133,-0.052979,-0.996094,-88,108,1013,649,864180
0.050476,0.049622,-0.052734,-0.996094,-91,106,1012,650,864189
0.050293,0.050110,-0.052490,-0.996094,-92,104,1011,651,864197
0.050171,0.050659,-0.052063,-0.996094,-96,101,1007,652,864206
0.049866,0.051270,-0.051697,-0.996094,-102,102,1000,653,864213
0.049500,0.052063,-0.051331,-0.996094,-105,101,999,654,864222
0.049011,0.052856,-0.050903,-0.996094,-106,99,998,655,864230
0.048523,0.053711,-0.050476,-0.996094,-111,95,1001,656,864239
0.048035,0.054626,-0.050049,-0.996094,-111,89,997,657,864247
0.047424,0.055542,-0.049561,-0.996094,-113,83,989,658,864255
0.046753,0.056458,-0.049194,-0.996094,-121,85,985,659,864264
0.046021,0.057312,-0.048828,-0.996094,-124,88,982,660,864273
0.045349,0.058105,-0.048523,-0.996094,-127,91,989,661,864281
0.044678,0.058838,-0.048340,-0.996094,-129,95,993,662,864290
0.043823,0.059570,-0.048157,-0.996094,-133,100,997,663,864297
0.053223,0.060181,-0.048035,-0.995605,-128,99,1002,664,864306
0.052490,0.060852,-0.048035,-0.995605,-140,107,1008,665,864314
0.051758,0.061462,-0.048035,-0.995605,-145,112,1018,666,864323
0.050964,0.062073,-0.048035,-0.995605,-148,115,1015,667,864331
0.050354,0.062622,-0.048035,-0.995605,-150,116,1006,668,864339
0.049866,0.063049,-0.048035,-0.995605,-147,113,999,669,864347
0.049500,0.063354,-0.047974,-0.995605,-144,109,998,670,864356
0.049255,0.063660,-0.047852,-0.995605,-139,105,992,671,864364
0.048950,0.063965,-0.047729,-0.995605,-140,102,983,672,864373
0.048645,0.064270,-0.047607,-0.995605,-137,97,982,673,864381
0.048401,0.064514,-0.047546,-0.995605,-130,91,983,674,864389
0.048218,0.064758,-0.047363,-0.995605,-129,88,987,675,864398
0.048157,0.064941,-0.047180,-0.995605,-124,83,986,676,864406
0.048157,0.065063,-0.046997,-0.995605,-121,83,993,677,864415
0.048279,0.065125,-0.046814,-0.995605,-122,86,993,678,864422
0.047913,0.065430,-0.046753,-0.995605,-129,93,987,679,864431
0.047485,0.065735,-0.046753,-0.995605,-132,95,982,680,864440
0.046936,0.066101,-0.046875,-0.995605,-132,97,981,681,864448
0.046021,0.066589,-0.047058,-0.995605,-139,100,987,682,864457
0.045349,0.066956,-0.047180,-0.995605,-136,98,984,683,864464
0.044739,0.067322,-0.047241,-0.995605,-130,93,976,684,864473
0.054077,0.067566,-0.047363,-0.995117,-132,94,978,685,864481
0.053711,0.067810,-0.047485,-0.995117,-136,101,984,686,864490
0.053284,0.068054,-0.047607,-0.995117,-145,107,988,687,864498
0.052795,0.068298,-0.047791,-0.995117,-151,110,984,688,864506
0.052490,0.068481,-0.047913,-0.995117,-147,109,973,689,864515
0.051880,0.068787,-0.048096,-0.995117,-149,112,962,690,864523
0.051208,0.069092,-0.048340,-0.995117,-150,115,972,691,864532
0.050781,0.069275,-0.048584,-0.995117,-147,112,989,692,864540
0.050415,0.069397,-0.048767,-0.995117,-143,109,980,693,864548
0.050293,0.069397,-0.048889,-0.995117,-140,105,970,694,864556
0.050232,0.069397,-0.048950,-0.995117,-132,100,976,695,864565
0.050354,0.069275,-0.049011,-0.995117,-130,99,975,696,864574
0.050171,0.069336,-0.049072,-0.995117,-138,101,971,697,864582
0.049927,0.069458,-0.049194,-0.995117,-147,106,974,698,864590
0.049622,0.069580,-0.049316,-0.995117,-149,105,967,699,864598
0.049500,0.069641,-0.049377,-0.995117,-148,106,970,700,864607
0.049500,0.069641,-0.049377,-0.995117,-146,108,979,701,864615
0.049622,0.069580,-0.049316,-0.995117,-151,110,979,702,864624
0.049622,0.069580,-0.049316,-0.995117,-151,108,968,703,864631
0.049683,0.069580,-0.049255,-0.995117,-148,101,957,704,864640
0.049622,0.069641,-0.049255,-0.995117,-145,98,956,705,864649
0.049622,0.069641,-0.049255,-0.995117,-139,98,970,706,864657
0.049622,0.069641,-0.049255,-0.995117,-137,97,985,707,864666
0.049561,0.069702,-0.049194,-0.995117,-136,96,988,708,864673
0.049622,0.069702,-0.049133,-0.995117,-138,95,988,709,864682
0.049683,0.069763,-0.049011,-0.995117,-142,100,985,710,864690
0.049622,0.069824,-0.049011,-0.995117,-145,107,985,711,864699
0.049438,0.069946,-0.048950,-0.995117,-141,103,997,712,864707
0.049561,0.069946,-0.048889,-0.995117,-136,97,997,713,864715
0.049805,0.069885,-0.048706,-0.995117,-133,92,989,714,864723
0.050171,0.069763,-0.048523,-0.995117,-131,91,990,715,864732
0.050354,0.069702,-0.048401,-0.995117,-138,97,997,716,864740
0.050537,0.069641,-0.048279,-0.995117,-139,98,994,717,864749
0.050720,0.069580,-0.048218,-0.995117,-134,93,996,718,864757
0.050842,0.069519,-0.048157,-0.995117,-129,87,994,719,864766
0.051025,0.069458,-0.048096,-0.995117,-133,87,992,720,864774
0.051025,0.069458,-0.048096,-0.995117,-132,87,997,721,864783
0.050903,0.069519,-0.048096,-0.995117,-139,92,993,722,864791
0.050964,0.069519,-0.048035,-0.995117,-141,93,990,723,864799
0.050842,0.069580,-0.048096,-0.995117,-141,94,986,724,864807
0.050720,0.069641,-0.048096,-0.995117,-140,94,986,725,864816
0.050598,0.069702,-0.048157,-0.995117,-137,95,991,726,864824
0.050293,0.069824,-0.048279,-0.995117,-134,94,991,727,864833
0.049927,0.070007,-0.048401,-0.995117,-136,95,992,728,864840
0.049622,0.070190,-0.048462,-0.995117,-140,100,991,729,864849
0.049133,0.070435,-0.048645,-0.995117,-144,105,992,730,864857
0.048584,0.070679,-0.048767,-0.995117,-144,108,997,731,864866
0.048279,0.070801,-0.048950,-0.995117,-146,109,997,732,864874
0.047913,0.070984,-0.049011,-0.995117,-145,109,991,733,864882
0.047607,0.071167,-0.049072,-0.995117,-144,107,984,734,864891
0.047119,0.071411,-0.049133,-0.995117,-149,110,984,735,864899
0.056030,0.071716,-0.049255,-0.994629,-152,112,982,736,864908
0.055725,0.071899,-0.049377,-0.994629,-151,111,986,737,864916
0.055298,0.072144,-0.049500,-0.994629,-150,114,983,738,864924
0.054932,0.072327,-0.049561,-0.994629,-147,112,986,739,864933
0.054688,0.072449,-0.049683,-0.994629,-147,112,991,740,864941
0.054504,0.072571,-0.049683,-0.994629,-146,110,984,741,864950
0.054321,0.072693,-0.049744,-0.994629,-149,113,986,742,864958
0.054077,0.072815,-0.049805,-0.994629,-149,113,988,743,864966
0.054016,0.072876,-0.049805,-0.994629,-150,110,985,744,864974
0.053955,0.072937,-0.049805,-0.994629,-151,107,982,745,864983
0.054016,0.072937,-0.049744,-0.994629,-148,102,980,746,864992
0.054138,0.072876,-0.049622,-0.994629,-148,102,982,747,865000
0.054382,0.072754,-0.049561,-0.994629,-150,102,982,748,865008
0.054565,0.072693,-0.049438,-0.994629,-147,97,976,749,865016
0.054688,0.072632,-0.049377,-0.994629,-139,91,974,750,865025
0.054810,0.072571,-0.049377,-0.994629,-137,90,982,751,865033
0.054932,0.072449,-0.049438,-0.994629,-133,93,996,752,865041
0.055115,0.072327,-0.049377,-0.994629,-137,98,1011,753,865049
0.055359,0.072205,-0.049316,-0.994629,-137,100,1009,754,865058
0.055542,0.072083,-0.049255,-0.994629,-137,99,1004,755,865066
0.055847,0.071899,-0.049194,-0.994629,-130,94,999,756,865075
0.055908,0.071838,-0.049194,-0.994629,-130,93,997,757,865083
0.055786,0.071899,-0.049255,-0.994629,-137,98,996,758,865091
0.055542,0.072021,-0.049316,-0.994629,-142,103,998,759,865100
0.055237,0.072205,-0.049438,-0.994629,-143,106,997,760,865108
0.055176,0.072205,-0.049500,-0.994629,-143,103,1004,761,865117
0.054871,0.072327,-0.049683,-0.994629,-140,106,988,762,865125
0.054688,0.072388,-0.049805,-0.994629,-132,98,1005,763,865133
0.054565,0.072327,-0.049988,-0.994629,-140,104,997,764,865142
0.054382,0.072388,-0.050110,-0.994629,-143,104,1000,765,865150
0.054260,0.072327,-0.050293,-0.994629,-139,105,995,766,865159
0.054199,0.072266,-0.050476,-0.994629,-144,108,998,767,865166
0.054321,0.072083,-0.050598,-0.994629,-140,107,1000,768,865175
0.054382,0.071960,-0.050720,-0.994629,-143,110,999,769,865183
0.054382,0.071899,-0.050842,-0.994629,-142,108,994,770,865192
0.054382,0.071838,-0.050903,-0.994629,-141,107,988,771,865200
0.054321,0.071777,-0.051025,-0.994629,-140,108,982,772,865208
0.054199,0.071777,-0.051208,-0.994629,-142,110,988,773,865216
0.054016,0.071777,-0.051331,-0.994629,-141,110,994,774,865225
0.053955,0.071777,-0.051453,-0.994629,-141,107,991,775,865234
0.054016,0.071716,-0.051453,-0.994629,-136,101,988,776,865242
0.054138,0.071655,-0.051453,-0.994629,-134,100,977,777,865250
0.054138,0.071594,-0.051514,-0.994629,-133,100,980,778,865258
0.054138,0.071533,-0.051575,-0.994629,-132,102,987,779,865267
0.054016,0.071533,-0.051697,-0.994629,-133,105,993,780,865275
0.053955,0.071533,-0.051819,-0.994629,-136,109,992,781,865284
0.053772,0.071594,-0.051880,-0.994629,-137,110,997,782,865291
0.053711,0.071594,-0.051941,-0.994629,-137,109,996,783,865300
0.053711,0.071533,-0.052002,-0.994629,-135,108,987,784,865309
0.053650,0.071533,-0.052063,-0.994629,-133,106,986,785,865317
0.053589,0.071533,-0.052185,-0.994629,-132,106,990,786,865326
0.053528,0.071533,-0.052246,-0.994629,-133,109,995,787,865333
0.053467,0.071533,-0.052246,-0.994629,-131,108,996,788,865342
0.053345,0.071594,-0.052307,-0.994629,-132,112,995,789,865351
0.053101,0.071716,-0.052429,-0.994629,-136,114,996,790,865359
0.052856,0.071838,-0.052490,-0.994629,-134,115,991,791,865368
0.052551,0.071960,-0.052612,-0.994629,-132,112,995,792,865375
0.052307,0.072021,-0.052734,-0.994629,-128,110,997,793,865384
0.052063,0.072144,-0.052856,-0.994629,-129,111,993,794,865392
0.051697,0.072266,-0.053040,-0.994629,-131,113,994,795,865401
0.051514,0.072327,-0.053162,-0.994629,-137,116,996,796,865409
0.059937,0.072449,-0.053284,-0.994141,-140,117,994,797,865417
0.059753,0.072510,-0.053406,-0.994141,-140,115,988,798,865425
0.059570,0.072571,-0.053528,-0.994141,-139,114,980,799,865434
0.059326,0.072632,-0.053711,-0.994141,-143,116,968,800,865442
0.058960,0.072754,-0.053894,-0.994141,-145,115,968,801,865451
0.058655,0.072876,-0.054077,-0.994141,-139,112,971,802,865459
0.058350,0.072998,-0.054260,-0.994141,-140,112,968,803,865467
0.058105,0.073059,-0.054443,-0.994141,-136,110,969,804,865476
0.057861,0.073181,-0.054565,-0.994141,-138,113,972,805,865484
0.057434,0.073425,-0.054688,-0.994141,-141,116,977,806,865493
0.057129,0.073608,-0.054749,-0.994141,-143,119,981,807,865500
0.056763,0.073792,-0.054871,-0.994141,-144,121,973,808,865509
0.056396,0.074036,-0.054932,-0.994141,-145,123,972,809,865518
0.056030,0.074219,-0.055054,-0.994141,-147,125,981,810,865526
0.055664,0.074402,-0.055176,-0.994141,-150,130,980,811,865535
0.055176,0.074646,-0.055359,-0.994141,-147,130,991,812,865543
0.054749,0.074829,-0.055481,-0.994141,-144,129,1001,813,865551
0.054504,0.074890,-0.055664,-0.994141,-140,127,995,814,865560
0.054260,0.075012,-0.055786,-0.994141,-127,120,1004,815,865568
0.053955,0.075073,-0.055969,-0.994141,-131,126,1006,816,865577
0.053528,0.075256,-0.056091,-0.994141,-139,133,1012,817,865584
0.061646,0.075378,-0.056274,-0.993652,-141,135,1015,818,865593
0.061340,0.075562,-0.056335,-0.993652,-149,135,1012,819,865601
0.060913,0.075806,-0.056519,-0.993652,-151,137,1005,820,865610
0.060608,0.075989,-0.056580,-0.993652,-151,133,993,821,865618
0.060364,0.076172,-0.056641,-0.993652,-148,131,990,822,865626
0.059998,0.076416,-0.056702,-0.993652,-149,129,996,823,865634
0.059814,0.076538,-0.056702,-0.993652,-146,126,996,824,865643
0.059692,0.076660,-0.056641,-0.993652,-147,123,990,825,865651
0.059875,0.076599,-0.056519,-0.993652,-141,116,990,826,865660
0.060120,0.076538,-0.056396,-0.993652,-139,113,992,827,865668
0.060303,0.076477,-0.056274,-0.993652,-141,115,984,828,865677
0.060242,0.076538,-0.056213,-0.993652,-143,116,986,829,865685
0.060120,0.076599,-0.056274,-0.993652,-147,119,985,830,865694
0.059998,0.076660,-0.056335,-0.993652,-150,121,983,831,865702
0.059875,0.076721,-0.056396,-0.993652,-151,122,983,832,865710
0.059814,0.076721,-0.056458,-0.993652,-150,121,987,833,865718
0.059753,0.076721,-0.056519,-0.993652,-150,121,993,834,865727
0.059814,0.076721,-0.056458,-0.993652,-144,119,999,835,865735
0.059875,0.076660,-0.056458,-0.993652,-147,122,999,836,865744
0.059875,0.076660,-0.056458,-0.993652,-144,121,997,837,865751
0.059692,0.076843,-0.056396,-0.993652,-142,117,997,838,865760
0.059448,0.077026,-0.056396,-0.993652,-148,119,986,839,865768
0.059326,0.077148,-0.056335,-0.993652,-142,112,992,840,865777
0.059143,0.077332,-0.056274,-0.993652,-146,111,984,841,865786
0.058960,0.077515,-0.056213,-0.993652,-145,110,973,842,865793
0.058838,0.077637,-0.056213,-0.993652,-145,111,979,843,865802
0.058594,0.077820,-0.056213,-0.993652,-148,115,982,844,865810
0.058289,0.078003,-0.056274,-0.993652,-149,118,987,845,865819
0.057983,0.078186,-0.056335,-0.993652,-148,121,988,846,865827
0.057617,0.078369,-0.056458,-0.993652,-154,125,983,847,865835
0.057312,0.078491,-0.056580,-0.993652,-152,125,982,848,865843
0.057068,0.078552,-0.056763,-0.993652,-148,124,987,849,865852
0.056885,0.078552,-0.056946,-0.993652,-146,123,985,850,865861
0.056641,0.078613,-0.057129,-0.993652,-145,121,984,851,865869
0.056580,0.078552,-0.057251,-0.993652,-145,122,989,852,865877
0.056641,0.078430,-0.057373,-0.993652,-147,124,986,853,865885
0.056580,0.078369,-0.057495,-0.993652,-149,125,981,854,865894
0.056519,0.078308,-0.057678,-0.993652,-150,126,978,855,865902
0.056335,0.078308,-0.057800,-0.993652,-150,128,982,856,865911
0.056213,0.078308,-0.057983,-0.993652,-149,127,980,857,865918
0.056030,0.078308,-0.058105,-0.993652,-147,124,979,858,865927
0.063843,0.078369,-0.058289,-0.993164,-147,124,980,859,865936
0.063599,0.078430,-0.058472,-0.993164,-153,129,982,860,865944
0.063354,0.078491,-0.058716,-0.993164,-159,134,984,861,865953
0.063049,0.078552,-0.058899,-0.993164,-158,137,989,862,865960
0.062988,0.078491,-0.059082,-0.993164,-156,138,993,863,865969
0.062988,0.078430,-0.059204,-0.993164,-152,134,994,864,865977
0.063049,0.078308,-0.059265,-0.993164,-148,131,990,865,865986
0.063049,0.078247,-0.059326,-0.993164,-143,127,987,866,865994
0.063049,0.078186,-0.059448,-0.993164,-146,129,989,867,866002
0.062988,0.078125,-0.059570,-0.993164,-149,131,992,868,866010
0.062866,0.078125,-0.059692,-0.993164,-150,132,991,869,866019
0.062744,0.078125,-0.059814,-0.993164,-150,133,995,870,866028
0.062622,0.078125,-0.059998,-0.993164,-149,132,994,871,866036
0.062622,0.078003,-0.060120,-0.993164,-147,132,994,872,866044
0.062500,0.077942,-0.060303,-0.993164,-147,131,994,873,866052
0.062561,0.077820,-0.060425,-0.993164,-145,130,988,874,866061
0.062439,0.077759,-0.060608,-0.993164,-145,128,988,875,866070
0.062500,0.077637,-0.060730,-0.993164,-144,128,986,876,866078
0.062500,0.077515,-0.060852,-0.993164,-145,130,984,877,866086
0.062561,0.077393,-0.060974,-0.993164,-146,130,989,878,866094
0.062744,0.077209,-0.060974,-0.993164,-148,131,987,879,866103
0.062805,0.077148,-0.061035,-0.993164,-147,130,979,880,866111
0.062866,0.077026,-0.061096,-0.993164,-145,128,973,881,866120
0.062622,0.077148,-0.061218,-0.993164,-145,127,967,882,866128
0.062378,0.077209,-0.061340,-0.993164,-147,131,976,883,866136
0.062134,0.077332,-0.061462,-0.993164,-148,136,986,884,866145
0.062134,0.077271,-0.061584,-0.993164,-146,136,983,885,866153
0.062073,0.077271,-0.061584,-0.993164,-145,132,976,886,866162
0.062134,0.077209,-0.061646,-0.993164,-141,129,973,887,866169
0.062256,0.077148,-0.061584,-0.993164,-137,127,974,888,866178
0.062134,0.077209,-0.061646,-0.993164,-142,131,980,889,866187
0.062012,0.077271,-0.061646,-0.993164,-144,132,980,890,866195
0.061890,0.077393,-0.061646,-0.993164,-144,131,973,891,866204
0.061707,0.077515,-0.061707,-0.993164,-146,133,975,892,866211
0.061523,0.077637,-0.061707,-0.993164,-145,133,981,893,866220
0.061157,0.077881,-0.061768,-0.993164,-144,135,988,894,866228
0.060913,0.078064,-0.061768,-0.993164,-145,138,991,895,866237
0.060425,0.078369,-0.061890,-0.993164,-148,141,988,896,866245
0.059998,0.078613,-0.061951,-0.993164,-151,143,993,897,866253
0.059570,0.078857,-0.062073,-0.993164,-153,145,995,898,866261
0.059143,0.079102,-0.062195,-0.993164,-154,146,993,899,866270
0.058899,0.079224,-0.062256,-0.993164,-150,143,996,900,866278
0.058533,0.079407,-0.062378,-0.993164,-148,141,998,901,866287
0.058411,0.079468,-0.062378,-0.993164,-147,141,998,902,866295
0.058289,0.079529,-0.062439,-0.993164,-149,141,994,903,866303
0.058167,0.079590,-0.062500,-0.993164,-150,140,988,904,866312
0.057983,0.079651,-0.062561,-0.993164,-152,140,980,905,866320
0.057739,0.079773,-0.062622,-0.993164,-147,137,983,906,866329
0.065369,0.079895,-0.062744,-0.992676,-151,140,988,907,866336
0.065002,0.080017,-0.062927,-0.992676,-152,141,986,908,866345
0.064819,0.080139,-0.062988,-0.992676,-156,141,983,909,866353
0.064575,0.080261,-0.063110,-0.992676,-160,143,978,910,866362
0.064453,0.080261,-0.063232,-0.992676,-161,144,976,911,866370
0.064087,0.080383,-0.063416,-0.992676,-164,147,974,912,866378
0.064026,0.080322,-0.063538,-0.992676,-163,144,978,913,866387
0.064026,0.080261,-0.063660,-0.992676,-160,139,977,914,866395
0.064087,0.080139,-0.063721,-0.992676,-157,136,977,915,866404
0.064270,0.079956,-0.063782,-0.992676,-156,135,978,916,866412
0.064514,0.079712,-0.063843,-0.992676,-152,135,979,917,866420
0.064697,0.079529,-0.063904,-0.992676,-148,131,977,918,866429
0.064941,0.079285,-0.063904,-0.992676,-144,126,980,919,866437
0.057251,0.079102,-0.063904,-0.993164,-145,125,982,920,866446
0.057739,0.078796,-0.063843,-0.993164,-144,125,983,921,866454
